MZ-AE,Without Memory,time
0.39315912,0.39315912,0.0
0.39317188,0.39313006,0.2
0.39317155,0.39312646,0.4
0.39317128,0.393123,0.6000000000000001
0.39317122,0.39311987,0.8
0.39317143,0.39311737,1.0
0.39317188,0.39311546,1.2000000000000002
0.39317244,0.39311433,1.4000000000000001
0.39317325,0.39311397,1.6
0.39317423,0.3931144,1.8
0.39317536,0.39311567,2.0
0.39317662,0.39311773,2.2
0.393178,0.39312032,2.4000000000000004
0.39317936,0.39312345,2.6
0.39318076,0.39312688,2.8000000000000003
0.39318213,0.3931305,3.0
0.39318344,0.39313415,3.2
0.3931846,0.39313754,3.4000000000000004
0.3931856,0.3931406,3.6
0.3931863,0.39314315,3.8000000000000003
0.39318678,0.39314505,4.0
0.39318702,0.3931462,4.2
0.39318687,0.39314654,4.4
0.39318648,0.39314604,4.6000000000000005
0.39318573,0.39314476,4.800000000000001
0.3931846,0.39314276,5.0
0.3931832,0.39314008,5.2
0.39318156,0.39313692,5.4
0.39317966,0.3931334,5.6000000000000005
0.39317757,0.39312977,5.800000000000001
0.39317533,0.39312607,6.0
0.3931731,0.3931227,6.2
0.39317083,0.3931196,6.4
0.39316866,0.39311707,6.6000000000000005
0.39316666,0.39311525,6.800000000000001
0.3931649,0.39311415,7.0
0.39316347,0.3931138,7.2
0.39316243,0.39311436,7.4
0.39316177,0.39311567,7.6000000000000005
0.39316162,0.39311776,7.800000000000001
0.39316204,0.3931204,8.0
0.39316294,0.39312366,8.200000000000001
0.3931644,0.39312714,8.4
0.39316633,0.3931308,8.6
0.39316875,0.39313447,8.8
0.39317164,0.3931379,9.0
0.39317486,0.39314097,9.200000000000001
0.39317828,0.3931435,9.4
0.39318195,0.39314535,9.600000000000001
0.3931856,0.3931464,9.8
0.3931892,0.3931467,10.0
0.39319268,0.39314616,10.200000000000001
0.39319575,0.3931448,10.4
0.39319837,0.39314273,10.600000000000001
0.39320058,0.39314002,10.8
0.393202,0.39313677,11.0
0.39320278,0.39313316,11.200000000000001
0.39320272,0.39312947,11.4
0.39320186,0.3931258,11.600000000000001
0.3932001,0.39312232,11.8
0.39319748,0.3931193,12.0
0.3931941,0.3931168,12.200000000000001
0.39319,0.39311495,12.4
0.39318517,0.39311388,12.600000000000001
0.39317992,0.39311364,12.8
0.39317423,0.39311427,13.0
0.39316836,0.3931157,13.200000000000001
0.39316243,0.39311785,13.4
0.39315677,0.39312062,13.600000000000001
0.39315137,0.3931239,13.8
0.39314663,0.39312744,14.0
0.39314267,0.39313114,14.200000000000001
0.3931396,0.39313483,14.4
0.3931376,0.39313826,14.600000000000001
0.39313695,0.3931413,14.8
0.39313757,0.3931438,15.0
0.3931396,0.39314562,15.200000000000001
0.393143,0.39314666,15.4
0.39314783,0.3931469,15.600000000000001
0.39315385,0.39314625,15.8
0.39316106,0.39314485,16.0
0.39316922,0.39314267,16.2
0.39317814,0.39313984,16.400000000000002
0.39318755,0.39313653,16.6
0.39319715,0.39313295,16.8
0.39320672,0.3931292,17.0
0.39321584,0.39312553,17.2
0.3932242,0.393122,17.400000000000002
0.3932315,0.39311892,17.6
0.3932375,0.39311647,17.8
0.39324188,0.3931147,18.0
0.3932444,0.3931136,18.2
0.39324495,0.39311352,18.400000000000002
0.39324334,0.39311424,18.6
0.3932395,0.39311567,18.8
0.3932335,0.39311793,19.0
0.39322537,0.39312077,19.200000000000003
0.39321527,0.3931241,19.400000000000002
0.39320335,0.3931277,19.6
0.39319006,0.39313143,19.8
0.39317563,0.39313516,20.0
0.39316052,0.39313862,20.200000000000003
0.39314607,0.3931417,20.400000000000002
0.39314866,0.3931442,20.6
0.39315036,0.39314592,20.8
0.3931512,0.3931469,21.0
0.39315113,0.39314705,21.200000000000003
0.39315,0.39314634,21.400000000000002
0.39314783,0.39314485,21.6
0.39314476,0.39314258,21.8
0.39314073,0.39313975,22.0
0.39313585,0.39313635,22.200000000000003
0.3931303,0.39313266,22.400000000000002
0.39312425,0.39312887,22.6
0.39311773,0.39312515,22.8
0.3931338,0.39312166,23.0
0.39315477,0.39311862,23.200000000000003
0.39317787,0.39311618,23.400000000000002
0.39320242,0.3931144,23.6
0.3932277,0.39311343,23.8
0.39325285,0.3931134,24.0
0.39327714,0.39311412,24.200000000000003
0.39329973,0.3931157,24.400000000000002
0.3933197,0.393118,24.6
0.3933365,0.3931209,24.8
0.39334932,0.39312428,25.0
0.39335755,0.393128,25.200000000000003
0.39336082,0.39313182,25.400000000000002
0.39335844,0.39313555,25.6
0.39335048,0.39313903,25.8
0.39333692,0.39314204,26.0
0.39331788,0.39314446,26.200000000000003
0.39329365,0.39314622,26.400000000000002
0.39326474,0.3931471,26.6
0.39323184,0.39314723,26.8
0.39319575,0.39314646,27.0
0.393184,0.39314488,27.200000000000003
0.393183,0.39314255,27.400000000000002
0.39318198,0.39313957,27.6
0.39318106,0.3931361,27.8
0.39318028,0.39313242,28.0
0.39317942,0.3931286,28.200000000000003
0.39317897,0.39312482,28.400000000000002
0.39317915,0.39312136,28.6
0.39318007,0.39311832,28.8
0.39318186,0.39311588,29.0
0.39317742,0.39311415,29.200000000000003
0.3931582,0.39311326,29.400000000000002
0.3931384,0.39311326,29.6
0.3931264,0.39311406,29.8
0.3931228,0.39311573,30.0
0.39313367,0.3931181,30.200000000000003
0.39319482,0.3931211,30.400000000000002
0.39326,0.39312455,30.6
0.39332727,0.39312828,30.8
0.39339456,0.39313218,31.0
0.39345968,0.39313588,31.200000000000003
0.3935207,0.3931394,31.400000000000002
0.39354143,0.3931424,31.6
0.39350024,0.39314482,31.8
0.39346835,0.3931465,32.0
0.39344728,0.39314735,32.2
0.3934385,0.3931474,32.4
0.39344314,0.39314657,32.6
0.39346206,0.39314488,32.800000000000004
0.39349547,0.39314246,33.0
0.39354312,0.39313945,33.2
0.3935681,0.39313594,33.4
0.39350215,0.39313215,33.6
0.39339375,0.3931283,33.800000000000004
0.3933096,0.39312443,34.0
0.39332265,0.39312097,34.2
0.3933335,0.39311793,34.4
0.39334172,0.39311558,34.6
0.3933472,0.3931139,34.800000000000004
0.39335015,0.3931131,35.0
0.39335078,0.39311314,35.2
0.39327177,0.39311403,35.4
0.39317346,0.39311576,35.6
0.39311677,0.39311823,35.800000000000004
0.39308986,0.3931213,36.0
0.3930719,0.39312482,36.2
0.39305294,0.39312863,36.4
0.39303356,0.3931325,36.6
0.39298475,0.3931363,36.800000000000004
0.39294243,0.39313978,37.0
0.39296293,0.3931428,37.2
0.39303344,0.39314517,37.4
0.39327234,0.3931468,37.6
0.39354822,0.39314762,37.800000000000004
0.39377573,0.3931476,38.0
0.3936377,0.39314663,38.2
0.393521,0.39314488,38.400000000000006
0.39343205,0.3931424,38.6
0.39337674,0.39313927,38.800000000000004
0.39333612,0.39313573,39.0
0.39329198,0.39313185,39.2
0.39328188,0.39312795,39.400000000000006
0.39329615,0.39312413,39.6
0.39332324,0.39312065,39.800000000000004
0.39340264,0.39311767,40.0
0.3935352,0.39311528,40.2
0.39372015,0.39311364,40.400000000000006
0.39394245,0.39311287,40.6
0.39416465,0.393113,40.800000000000004
0.39419833,0.39311397,41.0
0.39413926,0.3931158,41.2
0.39390537,0.39311832,41.400000000000006
0.3937087,0.3931215,41.6
0.3935254,0.3931251,41.800000000000004
0.3935282,0.39312893,42.0
0.3934476,0.39313287,42.2
0.3933986,0.39313668,42.400000000000006
0.3933957,0.39314014,42.6
0.39340618,0.39314315,42.800000000000004
0.3935355,0.39314553,43.0
0.3938927,0.3931471,43.2
0.39423117,0.39314786,43.400000000000006
0.39464992,0.39314777,43.6
0.3947744,0.39314672,43.800000000000004
0.39452136,0.39314488,44.0
0.39421374,0.3931423,44.2
0.39390102,0.39313912,44.400000000000006
0.3940709,0.3931355,44.6
0.3946492,0.39313158,44.800000000000004
0.395006,0.3931276,45.0
0.39540505,0.39312384,45.2
0.39558217,0.39312026,45.400000000000006
0.39573753,0.3931173,45.6
0.39601082,0.39311498,45.800000000000004
0.39601442,0.3931134,46.0
0.39594164,0.3931127,46.2
0.3958934,0.3931129,46.400000000000006
0.3957811,0.39311394,46.6
0.3956113,0.39311582,46.800000000000004
0.395335,0.39311847,47.0
0.39498112,0.3931217,47.2
0.39505365,0.39312533,47.400000000000006
0.39566714,0.39312923,47.6
0.3961588,0.39313316,47.800000000000004
0.396111,0.39313707,48.0
0.39639577,0.39314058,48.2
0.39631444,0.3931435,48.400000000000006
0.39628097,0.39314583,48.6
0.3964784,0.39314738,48.800000000000004
0.39716905,0.39314806,49.0
0.3972281,0.3931479,49.2
0.39689037,0.39314678,49.400000000000006
0.39709,0.39314485,49.6
0.397037,0.39314222,49.800000000000004
0.39703962,0.39313897,50.0
0.39658475,0.3931353,50.2
0.39605543,0.39313132,50.400000000000006
0.39631462,0.3931273,50.6
0.39729553,0.3931234,50.800000000000004
0.39834526,0.39311996,51.0
0.39878914,0.39311695,51.2
0.39922994,0.39311466,51.400000000000006
0.40212223,0.39311314,51.6
0.40139577,0.3931125,51.800000000000004
0.40144157,0.39311272,52.0
0.40315515,0.3931139,52.2
0.40436357,0.39311588,52.400000000000006
0.40380976,0.39311862,52.6
0.4032283,0.3931219,52.800000000000004
0.40326324,0.3931256,53.0
0.404337,0.3931296,53.2
0.40590057,0.39313358,53.400000000000006
0.40717945,0.39313748,53.6
0.40879977,0.39314094,53.800000000000004
0.4097931,0.3931439,54.0
0.41075632,0.39314622,54.2
0.41020167,0.3931477,54.400000000000006
0.4108642,0.3931483,54.6
0.4112093,0.39314803,54.800000000000004
0.41259617,0.39314687,55.0
0.41138142,0.39314485,55.2
0.4102052,0.39314213,55.400000000000006
0.4106494,0.39313883,55.6
0.41153032,0.393135,55.800000000000004
0.41005266,0.393131,56.0
0.41182488,0.39312696,56.2
0.41270703,0.3931231,56.400000000000006
0.4120728,0.39311954,56.6
0.41311687,0.3931166,56.800000000000004
0.4139245,0.39311436,57.0
0.41363502,0.3931129,57.2
0.4142579,0.3931123,57.400000000000006
0.41773295,0.39311266,57.6
0.42261922,0.39311385,57.800000000000004
0.42322874,0.39311594,58.0
0.4242858,0.39311877,58.2
0.42667782,0.39312214,58.400000000000006
0.4276464,0.39312592,58.6
0.4286409,0.39312991,58.800000000000004
0.4295998,0.39313394,59.0
0.43180794,0.39313778,59.2
0.43343726,0.3931413,59.400000000000006
0.43599403,0.39314428,59.6
0.43572655,0.3931465,59.800000000000004
0.43500614,0.39314798,60.0
0.43327543,0.39314857,60.2
0.43432975,0.39314815,60.400000000000006
0.43649513,0.39314696,60.6
0.43552887,0.39314485,60.800000000000004
0.43657076,0.393142,61.0
0.4369638,0.39313865,61.2
0.44144973,0.39313474,61.400000000000006
0.44008398,0.3931307,61.6
0.43879643,0.39312664,61.800000000000004
0.44155487,0.39312273,62.0
0.4406362,0.39311922,62.2
0.44066647,0.39311627,62.400000000000006
0.4404803,0.39311403,62.6
0.44031677,0.39311263,62.800000000000004
0.4390969,0.39311212,63.0
0.43950596,0.39311254,63.2
0.44090974,0.39311382,63.400000000000006
0.4430003,0.39311603,63.6
0.4426451,0.3931189,63.800000000000004
0.44302842,0.39312235,64.0
0.4448085,0.39312622,64.2
0.4447344,0.39313027,64.4
0.4497633,0.39313436,64.60000000000001
0.4481368,0.39313823,64.8
0.45120654,0.39314172,65.0
0.4541818,0.39314467,65.2
0.4526671,0.39314687,65.4
0.4537359,0.39314827,65.60000000000001
0.45416874,0.39314878,65.8
0.45586434,0.39314836,66.0
0.45548433,0.39314696,66.2
0.45545754,0.39314482,66.4
0.4551353,0.3931419,66.60000000000001
0.45713693,0.3931384,66.8
0.45838743,0.39313453,67.0
0.4564358,0.3931304,67.2
0.4601294,0.39312622,67.4
0.45823294,0.39312235,67.60000000000001
0.45602125,0.39311886,67.8
0.4580128,0.39311594,68.0
0.4584517,0.3931137,68.2
0.45602566,0.39311236,68.4
0.45587772,0.3931119,68.60000000000001
0.45415953,0.39311248,68.8
0.45419365,0.39311382,69.0
0.45391423,0.39311606,69.2
0.45542312,0.39311904,69.4
0.4558733,0.39312258,69.60000000000001
0.45806292,0.3931265,69.8
0.45751575,0.39313063,70.0
0.45825818,0.3931347,70.2
0.461569,0.39313862,70.4
0.46205422,0.39314213,70.60000000000001
0.46412465,0.39314502,70.8
0.46358383,0.3931472,71.0
0.4645983,0.3931485,71.2
0.46593893,0.39314896,71.4
0.46614864,0.39314848,71.60000000000001
0.46411234,0.39314705,71.8
0.4655579,0.39314476,72.0
0.4647672,0.39314178,72.2
0.46434653,0.3931382,72.4
0.4641586,0.39313424,72.60000000000001
0.46823278,0.39313006,72.8
0.46573448,0.39312592,73.0
0.4680892,0.393122,73.2
0.46619576,0.39311847,73.4
0.46664372,0.3931156,73.60000000000001
0.46555805,0.39311343,73.8
0.46614766,0.39311215,74.0
0.46381685,0.39311174,74.2
0.46334547,0.39311242,74.4
0.46220255,0.39311382,74.60000000000001
0.46297473,0.39311618,74.8
0.46199584,0.3931192,75.0
0.46274865,0.39312282,75.2
0.46419838,0.3931268,75.4
0.4655505,0.39313096,75.60000000000001
0.46630445,0.39313513,75.8
0.46687865,0.39313903,76.0
0.469976,0.39314255,76.2
0.46962038,0.3931454,76.4
0.4715689,0.39314756,76.60000000000001
0.47119647,0.39314884,76.80000000000001
0.47109243,0.3931492,77.0
0.4726934,0.3931486,77.2
0.47015643,0.39314708,77.4
0.47104427,0.39314473,77.60000000000001
0.4704728,0.39314166,77.80000000000001
0.47050604,0.393138,78.0
0.4702787,0.393134,78.2
0.47227675,0.39312974,78.4
0.47253346,0.39312556,78.60000000000001
0.47171134,0.3931216,78.80000000000001
0.47074658,0.3931181,79.0
0.4714804,0.39311525,79.2
0.4710745,0.3931131,79.4
0.4710552,0.39311188,79.60000000000001
0.46883592,0.39311165,79.80000000000001
0.46763554,0.39311227,80.0
0.46672615,0.39311385,80.2
0.46665812,0.39311624,80.4
0.46613425,0.3931194,80.60000000000001
0.46680117,0.39312306,80.80000000000001
0.468117,0.3931271,81.0
0.46906558,0.39313132,81.2
0.4690212,0.39313555,81.4
0.47060883,0.39313948,81.60000000000001
0.47264352,0.39314294,81.80000000000001
0.47305268,0.39314583,82.0
0.47430053,0.39314795,82.2
0.4740604,0.3931491,82.4
0.4747259,0.39314944,82.60000000000001
0.47556168,0.3931487,82.80000000000001
0.47405544,0.3931471,83.0
0.47391498,0.3931447,83.2
0.47359458,0.3931415,83.4
0.47411186,0.3931378,83.60000000000001
0.47388846,0.3931337,83.80000000000001
0.47499776,0.3931294,84.0
0.47506222,0.3931252,84.2
0.4744719,0.39312127,84.4
0.4745034,0.39311776,84.60000000000001
0.47451487,0.39311492,84.80000000000001
0.47376525,0.39311284,85.0
0.47327283,0.39311165,85.2
0.47202516,0.3931115,85.4
0.47089553,0.3931122,85.60000000000001
0.46944195,0.39311388,85.80000000000001
0.46910888,0.39311633,86.0
0.4686696,0.39311954,86.2
0.46937042,0.3931233,86.4
0.47022128,0.39312744,86.60000000000001
0.47115287,0.39313173,86.80000000000001
0.47136173,0.39313594,87.0
0.47292933,0.3931399,87.2
0.4744171,0.39314333,87.4
0.4748618,0.39314622,87.60000000000001
0.47612727,0.39314824,87.80000000000001
0.4764783,0.3931494,88.0
0.47694013,0.3931496,88.2
0.47708786,0.39314884,88.4
0.47650397,0.3931471,88.60000000000001
0.47624967,0.39314464,88.80000000000001
0.4758923,0.39314136,89.0
0.47603709,0.39313754,89.2
0.4760495,0.3931334,89.4
0.47705388,0.39312905,89.60000000000001
0.4768902,0.39312485,89.80000000000001
0.47641882,0.39312086,90.0
0.47633323,0.3931174,90.2
0.4761948,0.39311457,90.4
0.47533265,0.39311254,90.60000000000001
0.47472763,0.39311147,90.80000000000001
0.47377554,0.39311132,91.0
0.47213963,0.39311215,91.2
0.4707253,0.39311385,91.4
0.47067228,0.3931164,91.60000000000001
0.47008535,0.39311978,91.80000000000001
0.47087035,0.39312357,92.0
0.4714877,0.39312774,92.2
0.47238383,0.39313212,92.4
0.47304162,0.39313638,92.60000000000001
0.47426873,0.3931403,92.80000000000001
0.47554272,0.3931438,93.0
0.4762041,0.39314657,93.2
0.4774527,0.39314854,93.4
0.4778918,0.3931497,93.60000000000001
0.47825527,0.39314985,93.80000000000001
0.4782965,0.39314896,94.0
0.4778757,0.39314717,94.2
0.47779232,0.39314458,94.4
0.47730803,0.39314124,94.60000000000001
0.47700647,0.39313737,94.80000000000001
0.47745764,0.3931331,95.0
0.4779337,0.39312872,95.2
0.47801605,0.39312446,95.4
0.47776848,0.39312047,95.60000000000001
0.47750115,0.39311698,95.80000000000001
0.477076,0.3931142,96.0
0.47617906,0.39311227,96.2
0.47546053,0.39311126,96.4
0.47435912,0.39311117,96.60000000000001
0.47289115,0.39311206,96.80000000000001
0.4714714,0.3931139,97.0
0.47145224,0.3931166,97.2
0.4708192,0.39311993,97.4
0.47180024,0.39312387,97.60000000000001
0.4723404,0.39312816,97.80000000000001
0.47309273,0.39313245,98.0
0.47401845,0.39313677,98.2
0.47516197,0.3931407,98.4
0.4762532,0.3931442,98.60000000000001
0.47697318,0.39314693,98.80000000000001
0.47824502,0.39314893,99.0
0.47893113,0.39314994,99.2
0.47904384,0.39315,99.4
0.47908136,0.39314908,99.60000000000001
0.47866756,0.39314717,99.80000000000001
0.47833693,0.3931445,100.0
0.47804475,0.39314106,100.2
0.47816813,0.3931371,100.4
0.47849664,0.3931328,100.60000000000001
0.4781907,0.39312842,100.80000000000001
0.4786168,0.3931241,101.0
0.4782326,0.3931201,101.2
0.477996,0.39311662,101.4
0.4775389,0.39311388,101.60000000000001
0.4769296,0.39311194,101.80000000000001
0.4759081,0.39311096,102.0
0.47492734,0.39311102,102.2
0.47357345,0.393112,102.4
0.47213155,0.3931139,102.60000000000001
0.47161782,0.3931167,102.80000000000001
0.47142646,0.39312014,103.0
0.4719775,0.3931242,103.2
0.47285056,0.39312848,103.4
0.47283575,0.3931329,103.60000000000001
0.47448272,0.39313722,103.80000000000001
0.4755352,0.39314115,104.0
0.47683728,0.3931446,104.2
0.477477,0.39314735,104.4
0.47867623,0.3931493,104.60000000000001
0.47918412,0.39315024,104.80000000000001
0.47962564,0.3931502,105.0
0.4793347,0.39314917,105.2
0.47925407,0.39314723,105.4
0.4786604,0.3931444,105.60000000000001
0.4786376,0.39314094,105.80000000000001
0.47878256,0.3931369,106.0
0.4786858,0.39313248,106.2
0.47930667,0.39312804,106.4
0.47921908,0.3931237,106.60000000000001
0.47883838,0.3931197,106.80000000000001
0.47832435,0.39311627,107.0
0.47805202,0.3931135,107.2
0.47722274,0.39311168,107.4
0.47635067,0.39311075,107.60000000000001
0.47535017,0.39311087,107.80000000000001
0.4738351,0.39311197,108.0
0.4724416,0.39311394,108.2
0.47183636,0.39311686,108.4
0.47194332,0.39312035,108.60000000000001
0.4721058,0.39312446,108.80000000000001
0.47313705,0.3931288,109.0
0.47388852,0.3931333,109.2
0.47519898,0.3931376,109.4
0.4762722,0.3931416,109.60000000000001
0.47720006,0.39314505,109.80000000000001
0.4784844,0.39314777,110.0
0.47857746,0.3931496,110.2
0.47963732,0.39315054,110.4
0.47967735,0.39315042,110.60000000000001
0.4796571,0.39314926,110.80000000000001
0.47936732,0.39314726,111.0
0.4787752,0.39314434,111.2
0.47886354,0.39314076,111.4
0.4786698,0.3931366,111.60000000000001
0.4787075,0.39313218,111.80000000000001
0.47963476,0.39312765,112.0
0.47935975,0.39312327,112.2
0.47904,0.3931193,112.4
0.4783861,0.3931159,112.60000000000001
0.47818658,0.3931132,112.80000000000001
0.47711444,0.39311135,113.0
0.4765029,0.39311054,113.2
0.47503707,0.39311072,113.4
0.47391737,0.3931119,113.60000000000001
0.47246838,0.39311403,113.80000000000001
0.4720441,0.39311695,114.0
0.4721154,0.39312065,114.2
0.47260243,0.3931248,114.4
0.47337344,0.39312923,114.60000000000001
0.4743439,0.39313373,114.80000000000001
0.475167,0.3931381,115.0
0.47657454,0.39314204,115.2
0.4776678,0.39314547,115.4
0.47884142,0.39314815,115.60000000000001
0.4789712,0.39314997,115.80000000000001
0.47968245,0.3931508,116.0
0.47984937,0.39315057,116.2
0.47988507,0.39314938,116.4
0.47925305,0.39314726,116.60000000000001
0.47858566,0.39314422,116.80000000000001
0.47889593,0.39314055,117.0
0.47936383,0.39313635,117.2
0.47931385,0.39313185,117.4
0.47952768,0.3931273,117.60000000000001
0.47937,0.39312294,117.80000000000001
0.47905606,0.3931189,118.0
0.47837594,0.39311552,118.2
0.4781377,0.39311284,118.4
0.47728798,0.39311108,118.60000000000001
0.47632354,0.3931103,118.80000000000001
0.47507593,0.39311063,119.0
0.47387493,0.39311188,119.2
0.4722665,0.39311406,119.4
0.47195354,0.3931171,119.60000000000001
0.47213668,0.39312086,119.80000000000001
0.4730873,0.39312506,120.0
0.4740197,0.39312956,120.2
0.47464654,0.39313415,120.4
0.4754883,0.39313856,120.60000000000001
0.47687292,0.3931425,120.80000000000001
0.4781139,0.39314586,121.0
0.47878712,0.39314854,121.2
0.47976214,0.3931503,121.4
0.48003808,0.39315104,121.60000000000001
0.48012507,0.39315078,121.80000000000001
0.4800173,0.39314947,122.0
0.47904298,0.39314726,122.2
0.47855145,0.39314407,122.4
0.4792627,0.39314032,122.60000000000001
0.47981882,0.39313608,122.80000000000001
0.47970656,0.39313152,123.0
0.47963935,0.3931269,123.2
0.47943717,0.39312252,123.4
0.47901392,0.3931185,123.60000000000001
0.4785508,0.3931151,123.80000000000001
0.4779623,0.3931125,124.0
0.47718742,0.3931108,124.2
0.4764497,0.39311013,124.4
0.47490716,0.39311045,124.60000000000001
0.47339097,0.3931118,124.80000000000001
0.47226405,0.39311415,125.0
0.4719918,0.39311725,125.2
0.47239798,0.3931211,125.4
0.47307304,0.39312539,125.60000000000001
0.4740623,0.39312997,125.80000000000001
0.47444037,0.39313456,126.0
0.47584978,0.39313897,126.2
0.4770317,0.393143,126.4
0.47822863,0.39314637,126.60000000000001
0.4789705,0.39314896,126.80000000000001
0.47997522,0.39315057,127.0
0.48007303,0.39315128,127.2
0.4801125,0.39315093,127.4
0.47983497,0.39314952,127.60000000000001
0.47957104,0.39314717,127.80000000000001
0.4789833,0.39314404,128.0
0.47862378,0.39314014,128.20000000000002
0.47956574,0.39313582,128.4
0.4797305,0.39313123,128.6
0.47978443,0.39312658,128.8
0.4794511,0.39312214,129.0
0.47916165,0.39311808,129.20000000000002
0.47864178,0.39311475,129.4
0.4776809,0.39311215,129.6
0.47714284,0.3931105,129.8
0.4758747,0.39310992,130.0
0.47455472,0.39311033,130.20000000000002
0.4729353,0.39311182,130.4
0.4722389,0.39311424,130.6
0.47188812,0.39311743,130.8
0.47269824,0.39312136,131.0
0.47332442,0.3931257,131.20000000000002
0.4742718,0.39313036,131.4
0.47493476,0.393135,131.6
0.4761176,0.39313942,131.8
0.4770927,0.39314342,132.0
0.4781451,0.3931468,132.20000000000002
0.47919524,0.39314932,132.4
0.4800295,0.39315096,132.6
0.48016435,0.39315158,132.8
0.48012564,0.3931511,133.0
0.47985455,0.39314964,133.20000000000002
0.4793917,0.39314717,133.4
0.47912192,0.39314392,133.6
0.47933722,0.39313996,133.8
0.47972628,0.39313552,134.0
0.47932687,0.39313084,134.20000000000002
0.4797931,0.39312616,134.4
0.47891542,0.39312172,134.6
0.47896382,0.39311767,134.8
0.4787355,0.39311433,135.0
0.47794366,0.39311177,135.20000000000002
0.47690013,0.39311022,135.4
0.47580758,0.3931097,135.6
0.4745729,0.39311025,135.8
0.4730607,0.39311182,136.0
0.47209463,0.39311427,136.20000000000002
0.4720718,0.3931176,136.4
0.47246888,0.39312163,136.6
0.47345307,0.39312604,136.8
0.47369874,0.39313072,137.0
0.47514275,0.39313543,137.20000000000002
0.47623608,0.3931399,137.4
0.4775179,0.39314386,137.6
0.4782176,0.39314723,137.8
0.47914836,0.3931497,138.0
0.47996855,0.39315128,138.20000000000002
0.48031354,0.39315182,138.4
0.4801064,0.39315128,138.6
0.4799369,0.3931497,138.8
0.47938675,0.39314714,139.0
0.4793577,0.39314377,139.20000000000002
0.47935894,0.39313975,139.4
0.47920808,0.39313522,139.6
0.48000368,0.39313048,139.8
0.47990137,0.39312577,140.0
0.4793421,0.39312127,140.20000000000002
0.4789075,0.39311725,140.4
0.4785913,0.3931139,140.6
0.47776303,0.39311147,140.8
0.47692138,0.39310995,141.0
0.4757465,0.3931095,141.20000000000002
0.47438926,0.3931101,141.4
0.4729518,0.3931118,141.6
0.47213608,0.39311436,141.8
0.4722538,0.39311785,142.0
0.472421,0.3931219,142.20000000000002
0.47354138,0.39312643,142.4
0.47448066,0.39313117,142.6
0.47573334,0.3931359,142.8
0.47658324,0.39314035,143.0
0.4778494,0.39314437,143.20000000000002
0.4791584,0.39314765,143.4
0.47904015,0.39315012,143.6
0.48002023,0.39315164,143.8
0.4799229,0.39315203,144.0
0.48007154,0.39315143,144.20000000000002
0.47969723,0.39314976,144.4
0.47911972,0.39314708,144.6
0.47901595,0.39314365,144.8
0.4792973,0.3931395,145.0
0.47937083,0.39313492,145.20000000000002
0.47994077,0.3931301,145.4
0.47969544,0.39312533,145.6
0.47928095,0.39312083,145.8
0.47867352,0.39311686,146.0
0.4784441,0.39311358,146.20000000000002
0.47746548,0.39311114,146.4
0.4767108,0.3931097,146.6
0.47531062,0.39310932,146.8
0.4741522,0.39311004,147.0
0.47263134,0.39311174,147.20000000000002
0.47214985,0.39311445,147.4
0.47229382,0.39311805,147.6
0.47296268,0.3931222,147.8
0.4737538,0.3931268,148.0
0.47461993,0.39313158,148.20000000000002
0.47562093,0.39313632,148.4
0.47684762,0.39314082,148.6
0.47806126,0.39314482,148.8
0.4789987,0.39314806,149.0
0.4794482,0.3931505,149.20000000000002
0.47988892,0.3931519,149.4
0.4801187,0.39315227,149.6
0.4801243,0.39315158,149.8
0.479381,0.39314982,150.0
0.47869927,0.39314705,150.20000000000002
0.47933,0.3931435,150.4
0.47995955,0.3931393,150.6
0.47961494,0.3931346,150.8
0.47955284,0.39312977,151.0
0.4795651,0.39312497,151.20000000000002
0.47920284,0.3931204,151.4
0.47858644,0.39311644,151.6
0.4781487,0.39311317,151.8
0.47740465,0.39311078,152.0
0.4763497,0.3931094,152.20000000000002
0.4752645,0.39310914,152.4
0.47377062,0.39310995,152.6
0.4723047,0.39311177,152.8
0.47205347,0.3931146,153.0
0.47235185,0.3931182,153.20000000000002
0.47314987,0.3931225,153.4
0.4741209,0.3931271,153.60000000000002
0.4745707,0.39313203,153.8
0.4757778,0.3931368,154.0
0.47709265,0.39314133,154.20000000000002
0.47825345,0.3931453,154.4
0.47884458,0.39314857,154.60000000000002
0.48017672,0.39315093,154.8
0.4801709,0.39315227,155.0
0.4803134,0.39315253,155.20000000000002
0.4799279,0.39315173,155.4
0.47925073,0.39314985,155.60000000000002
0.4789268,0.393147,155.8
0.47907922,0.39314333,156.0
0.47960865,0.393139,156.20000000000002
0.47995678,0.39313433,156.4
0.47978097,0.39312938,156.60000000000002
0.47952744,0.3931245,156.8
0.4789859,0.39312,157.0
0.47867012,0.39311606,157.20000000000002
0.47775382,0.39311278,157.4
0.47739464,0.39311045,157.60000000000002
0.47626287,0.39310914,157.8
0.47469935,0.39310893,158.0
0.47322863,0.39310986,158.20000000000002
0.47236934,0.3931118,158.4
0.47200626,0.3931147,158.60000000000002
0.4726015,0.3931184,158.8
0.47329342,0.3931228,159.0
0.47424206,0.39312756,159.20000000000002
0.47479284,0.39313242,159.4
0.47604,0.39313725,159.60000000000002
0.47706443,0.3931418,159.8
0.47822854,0.3931458,160.0
0.47929925,0.39314896,160.20000000000002
0.47994262,0.3931513,160.4
0.48017362,0.39315262,160.60000000000002
0.4801442,0.39315277,160.8
0.47991756,0.39315182,161.0
0.4797746,0.39314988,161.20000000000002
0.47910538,0.39314693,161.4
0.47912326,0.3931432,161.60000000000002
0.47972444,0.39313883,161.8
0.4796181,0.39313397,162.0
0.47989005,0.393129,162.20000000000002
0.4795341,0.3931241,162.4
0.47913787,0.39311957,162.60000000000002
0.47857207,0.39311564,162.8
0.47798955,0.3931124,163.0
0.47718027,0.39311013,163.20000000000002
0.47590604,0.3931089,163.4
0.4746619,0.39310881,163.60000000000002
0.47306404,0.39310974,163.8
0.47218055,0.39311185,164.0
0.4719718,0.39311484,164.20000000000002
0.47261652,0.39311865,164.4
0.47343698,0.3931231,164.60000000000002
0.4737327,0.39312792,164.8
0.4750043,0.39313293,165.0
0.47619346,0.39313775,165.20000000000002
0.47735685,0.3931423,165.4
0.47811675,0.39314625,165.60000000000002
0.4792458,0.3931494,165.8
0.47987854,0.39315176,166.0
0.4802596,0.39315295,166.20000000000002
0.48002085,0.393153,166.4
0.4799467,0.393152,166.60000000000002
0.47938508,0.3931499,166.8
0.4792578,0.3931469,167.0
0.47959852,0.393143,167.20000000000002
0.4795748,0.3931385,167.4
0.47991282,0.39313364,167.60000000000002
0.47990343,0.39312857,167.8
0.47936618,0.3931237,168.0
0.4789868,0.3931191,168.20000000000002
0.47875947,0.3931152,168.4
0.4779593,0.39311203,168.60000000000002
0.47696224,0.39310983,168.8
0.47592416,0.39310864,169.0
0.47460845,0.39310864,169.20000000000002
0.47305235,0.39310974,169.4
0.47212344,0.39311185,169.60000000000002
0.472279,0.39311498,169.8
0.47243977,0.39311892,170.0
0.47354046,0.39312342,170.20000000000002
0.474242,0.39312834,170.4
0.47543904,0.39313334,170.60000000000002
0.4765023,0.39313823,170.8
0.47743657,0.3931428,171.0
0.4787078,0.39314678,171.20000000000002
0.4790572,0.39314988,171.4
0.48011875,0.39315212,171.60000000000002
0.48008984,0.39315322,171.8
0.4801063,0.39315325,172.0
0.47987652,0.39315212,172.20000000000002
0.47935465,0.39314994,172.4
0.4793628,0.3931468,172.60000000000002
0.4791572,0.3931428,172.8
0.47911683,0.39313826,173.0
0.48004597,0.3931333,173.20000000000002
0.47983432,0.3931282,173.4
0.47937328,0.39312324,173.60000000000002
0.47882748,0.3931187,173.8
0.4785855,0.39311475,174.0
0.47756764,0.39311162,174.20000000000002
0.47690374,0.3931095,174.4
0.4754637,0.3931084,174.60000000000002
0.47433695,0.3931085,174.8
0.47285935,0.39310965,175.0
0.47222215,0.3931119,175.20000000000002
0.47230044,0.3931152,175.4
0.4728056,0.39311916,175.60000000000002
0.473617,0.39312375,175.8
0.4746114,0.39312875,176.0
0.4754474,0.39313382,176.20000000000002
0.4767435,0.39313874,176.4
0.47793838,0.3931433,176.60000000000002
0.4791426,0.39314723,176.8
0.47913563,0.39315033,177.0
0.47997525,0.39315248,177.20000000000002
0.4800661,0.39315355,177.4
0.48014766,0.39315346,177.60000000000002
0.47956407,0.39315227,177.8
0.47898215,0.39314994,178.0
0.4790855,0.3931467,178.20000000000002
0.47959504,0.39314264,178.4
0.4795197,0.39313796,178.60000000000002
0.47981262,0.39313293,178.8
0.47965127,0.3931278,179.0
0.47925213,0.39312285,179.20000000000002
0.47858235,0.3931183,179.4
0.4783803,0.3931143,179.60000000000002
0.4775274,0.39311123,179.8
0.47656992,0.3931091,180.0
0.47530198,0.39310816,180.20000000000002
0.47411773,0.3931083,180.4
0.47249588,0.39310956,180.60000000000002
0.4720721,0.39311197,180.8
0.47224137,0.3931153,181.0
0.47319907,0.39311945,181.20000000000002
0.47413462,0.39312413,181.4
0.47476065,0.39312914,181.60000000000002
0.47559047,0.3931343,181.8
0.47695565,0.3931392,182.0
0.478281,0.3931438,182.20000000000002
0.47894934,0.3931477,182.4
0.4798614,0.3931508,182.60000000000002
0.48015794,0.3931529,182.8
0.4802553,0.39315385,183.0
0.48016706,0.3931537,183.20000000000002
0.47923595,0.39315242,183.4
0.47873467,0.39314997,183.60000000000002
0.47943282,0.39314657,183.8
0.48003903,0.39314243,184.0
0.47982615,0.39313766,184.20000000000002
0.47977754,0.39313257,184.4
0.47959462,0.39312738,184.60000000000002
0.47915968,0.39312238,184.8
0.4786783,0.3931178,185.0
0.47811976,0.3931139,185.20000000000002
0.47732714,0.39311084,185.4
0.4765563,0.3931088,185.60000000000002
0.4750821,0.3931079,185.8
0.4735332,0.39310813,186.0
0.47234234,0.39310956,186.20000000000002
0.47205862,0.393112,186.4
0.47246256,0.3931155,186.60000000000002
0.47314423,0.39311966,186.8
0.47414517,0.39312446,187.0
0.4745229,0.39312956,187.20000000000002
0.47591075,0.3931348,187.4
0.47709367,0.39313975,187.60000000000002
0.47832108,0.3931443,187.8
0.47903597,0.39314818,188.0
0.48006344,0.39315125,188.20000000000002
0.4801557,0.39315325,188.4
0.4802032,0.39315414,188.60000000000002
0.47990537,0.39315388,188.8
0.47962505,0.3931525,189.0
0.47907296,0.39314994,189.20000000000002
0.47870135,0.39314649,189.4
0.47965518,0.3931422,189.60000000000002
0.47983053,0.39313737,189.8
0.4798617,0.39313224,190.0
0.47953826,0.39312696,190.20000000000002
0.47925526,0.3931219,190.4
0.47872016,0.3931173,190.60000000000002
0.47777683,0.39311343,190.8
0.477246,0.39311045,191.0
0.4759496,0.39310846,191.20000000000002
0.4746418,0.39310765,191.4
0.4730186,0.393108,191.60000000000002
0.47229183,0.3931095,191.8
0.47194177,0.39311212,192.0
0.47274494,0.39311567,192.20000000000002
0.47336534,0.39312005,192.4
0.47431934,0.39312485,192.60000000000002
0.4749757,0.39313,192.8
0.47615448,0.39313528,193.0
0.47713166,0.39314032,193.20000000000002
0.4781955,0.39314482,193.4
0.4792497,0.39314872,193.60000000000002
0.4800874,0.3931517,193.8
0.48021358,0.3931537,194.0
0.48017192,0.39315447,194.20000000000002
0.47990602,0.39315414,194.4
0.47944748,0.39315256,194.60000000000002
0.47916842,0.39314994,194.8
0.47937948,0.39314637,195.0
0.4797795,0.39314198,195.20000000000002
0.47937635,0.3931371,195.4
0.4798473,0.3931318,195.60000000000002
0.47894242,0.39312655,195.8
0.47901466,0.39312148,196.0
0.47877076,0.3931169,196.20000000000002
0.47799426,0.39311302,196.4
0.47695893,0.39311004,196.60000000000002
0.47585097,0.39310816,196.8
0.47462198,0.3931074,197.0
0.47310814,0.39310786,197.20000000000002
0.47211796,0.3931095,197.4
0.472094,0.3931122,197.60000000000002
0.47249535,0.39311585,197.8
0.47348538,0.39312026,198.0
0.47371608,0.39312524,198.20000000000002
0.47516096,0.39313042,198.4
0.47625569,0.39313576,198.60000000000002
0.4775443,0.3931408,198.8
0.47823372,0.39314535,199.0
0.4791669,0.3931492,199.20000000000002
0.47999334,0.39315215,199.4
0.48033768,0.39315405,199.60000000000002
0.48014,0.3931548,199.8
0.47996902,0.39315432,200.0
0.47941655,0.39315265,200.20000000000002
0.47938222,0.39314994,200.4
0.47939143,0.39314625,200.60000000000002
0.4792432,0.3931418,200.8
0.48002762,0.39313674,201.0
0.4799276,0.39313143,201.20000000000002
0.47936052,0.3931261,201.4
0.47893468,0.393121,201.60000000000002
0.47861528,0.3931164,201.8
0.47779292,0.3931126,202.0
0.4769468,0.39310968,202.20000000000002
0.47578046,0.39310786,202.4
0.4744159,0.39310718,202.60000000000002
0.47297618,0.39310774,202.8
0.472147,0.3931095,203.0
0.47226715,0.3931123,203.20000000000002
0.47242573,0.39311606,203.4
0.47355658,0.39312056,203.60000000000002
0.4744922,0.3931256,203.8
0.4757415,0.39313093,204.0
0.47659418,0.39313623,204.20000000000002
0.477867,0.39314136,204.4
0.4791807,0.3931459,204.60000000000002
0.47905457,0.3931497,204.8
0.48003906,0.3931526,205.0
0.4799348,0.39315444,205.20000000000002
0.48008704,0.39315507,205.4
0.47971487,0.3931545,205.60000000000002
0.47914046,0.39315274,205.8
0.4790319,0.39314988,206.0
0.4793056,0.39314613,206.20000000000002
0.47938043,0.39314148,206.4
0.47995308,0.3931364,206.60000000000002
0.4797094,0.39313105,206.8
0.47929144,0.39312565,207.0
0.4786858,0.39312053,207.20000000000002
0.47845906,0.39311597,207.4
0.4774796,0.39311215,207.60000000000002
0.47672603,0.39310926,207.8
0.47532424,0.3931075,208.0
0.47416705,0.39310694,208.20000000000002
0.4726457,0.39310765,208.4
0.4721595,0.39310947,208.60000000000002
0.4723025,0.3931124,208.8
0.47296858,0.3931163,209.0
0.47376058,0.3931209,209.20000000000002
0.47462916,0.393126,209.4
0.47562605,0.39313138,209.60000000000002
0.4768546,0.39313677,209.8
0.47807166,0.3931419,210.0
0.4790131,0.3931464,210.20000000000002
0.47945717,0.39315024,210.4
0.479904,0.39315304,210.60000000000002
0.48013005,0.39315483,210.8
0.48013833,0.39315537,211.0
0.4793977,0.39315468,211.20000000000002
0.4787211,0.3931528,211.4
0.47934026,0.39314985,211.60000000000002
0.47997075,0.39314595,211.8
0.47962558,0.39314127,212.0
0.47956628,0.39313608,212.20000000000002
0.47958088,0.39313066,212.4
0.47921595,0.39312518,212.60000000000002
0.47859997,0.39312005,212.8
0.47816515,0.3931155,213.0
0.4774227,0.39311168,213.20000000000002
0.47636592,0.3931089,213.4
0.47527948,0.3931072,213.60000000000002
0.47378746,0.39310676,213.8
0.47232056,0.39310753,214.0
0.4720606,0.3931095,214.20000000000002
0.4723593,0.3931125,214.4
0.4731589,0.39311653,214.60000000000002
0.47413155,0.39312118,214.8
0.47458044,0.3931264,215.0
0.4757858,0.39313185,215.20000000000002
0.47710097,0.3931373,215.4
0.47826618,0.3931424,215.60000000000002
0.47885782,0.39314696,215.8
0.48019087,0.39315075,216.0
0.48018557,0.3931535,216.20000000000002
0.48032525,0.3931552,216.4
0.47994268,0.39315566,216.60000000000002
0.47926182,0.3931549,216.8
0.47894198,0.3931529,217.0
0.4790952,0.39314985,217.20000000000002
0.4796282,0.39314577,217.4
0.47996834,0.39314103,217.60000000000002
0.47979474,0.39313573,217.8
0.47954315,0.3931302,218.0
0.4790013,0.3931247,218.20000000000002
0.47868532,0.3931196,218.4
0.47777298,0.393115,218.60000000000002
0.47741145,0.3931113,218.8
0.47628015,0.39310855,219.0
0.47471926,0.39310694,219.20000000000002
0.4732477,0.39310658,219.4
0.4723807,0.3931074,219.60000000000002
0.47201484,0.3931095,219.8
0.47260877,0.39311266,220.0
0.47330096,0.3931167,220.20000000000002
0.47425184,0.39312157,220.4
0.47479987,0.39312688,220.60000000000002
0.47604817,0.3931324,220.8
0.47707197,0.39313787,221.0
0.47823966,0.39314294,221.20000000000002
0.47931078,0.3931475,221.4
0.4799542,0.3931512,221.60000000000002
0.48018527,0.393154,221.8
0.48015365,0.39315557,222.0
0.4799281,0.39315593,222.20000000000002
0.47978333,0.39315504,222.4
0.47911617,0.39315295,222.60000000000002
0.4791308,0.3931498,222.8
0.47973445,0.39314565,223.0
0.47962895,0.39314076,223.20000000000002
0.4799003,0.3931354,223.4
0.47954464,0.3931298,223.60000000000002
0.4791493,0.39312428,223.8
0.47858247,0.3931191,224.0
0.47799864,0.39311454,224.20000000000002
0.47719023,0.39311084,224.4
0.47591355,0.39310813,224.60000000000002
0.47467184,0.3931066,224.8
0.47307208,0.39310634,225.0
0.47218466,0.39310732,225.20000000000002
0.47197652,0.39310953,225.4
0.47262102,0.39311278,225.60000000000002
0.47344175,0.39311695,225.8
0.473738,0.39312187,226.0
0.4750089,0.39312726,226.20000000000002
0.47619843,0.39313287,226.4
0.47736317,0.39313835,226.60000000000002
0.47812644,0.3931435,226.8
0.47925192,0.39314806,227.0
0.4798869,0.39315176,227.20000000000002
0.48026794,0.39315444,227.4
0.48002985,0.393156,227.60000000000002
0.47995567,0.39315623,227.8
0.4793946,0.39315525,228.0
0.4792662,0.39315304,228.20000000000002
0.4796074,0.39314973,228.4
0.47958416,0.39314547,228.60000000000002
0.4799206,0.39314044,228.8
0.47991067,0.39313504,229.0
0.47937095,0.39312935,229.20000000000002
0.4789926,0.39312378,229.4
0.47876498,0.39311865,229.60000000000002
0.47796506,0.39311406,229.8
0.4769687,0.39311042,230.0
0.47592926,0.39310774,230.20000000000002
0.47461402,0.3931063,230.4
0.47305745,0.3931061,230.60000000000002
0.472126,0.3931072,230.8
0.47228196,0.39310953,231.0
0.47244248,0.3931129,231.20000000000002
0.47354367,0.39311728,231.4
0.47424546,0.39312226,231.60000000000002
0.47544163,0.39312774,231.8
0.476505,0.39313337,232.0
0.47744,0.39313895,232.20000000000002
0.47871208,0.3931441,232.4
0.47905955,0.3931486,232.60000000000002
0.48012233,0.39315233,232.8
0.4800918,0.3931549,233.0
0.4801101,0.3931563,233.20000000000002
0.4798802,0.3931565,233.4
0.4793589,0.3931554,233.60000000000002
0.47936636,0.39315304,233.8
0.4791605,0.3931496,234.0
0.47912022,0.39314526,234.20000000000002
0.4800493,0.39314017,234.4
0.4798381,0.39313465,234.60000000000002
0.4793764,0.3931289,234.8
0.47883096,0.3931233,235.0
0.47858897,0.3931181,235.20000000000002
0.4775712,0.39311358,235.4
0.47690728,0.39310995,235.60000000000002
0.47546715,0.39310738,235.8
0.4743407,0.393106,236.0
0.4728626,0.39310592,236.20000000000002
0.472224,0.39310715,236.4
0.47230238,0.39310962,236.60000000000002
0.47280765,0.39311308,236.8
0.47361943,0.3931175,237.0
0.47461408,0.39312264,237.20000000000002
0.47544882,0.39312822,237.4
0.47674537,0.39313388,237.60000000000002
0.47793925,0.39313948,237.8
0.4791423,0.39314464,238.0
0.4791358,0.39314917,238.20000000000002
0.47997445,0.3931528,238.4
0.48006552,0.39315534,238.60000000000002
0.48014686,0.39315668,238.8
0.47956282,0.39315674,239.0
0.47898048,0.39315557,239.20000000000002
0.47908527,0.39315307,239.4
0.47959447,0.39314952,239.60000000000002
0.4795189,0.39314508,239.8
0.47981077,0.3931399,240.0
0.47964975,0.39313427,240.20000000000002
0.47925097,0.39312845,240.4
0.4785812,0.39312285,240.60000000000002
0.4783785,0.3931176,240.8
0.47752583,0.3931131,241.0
0.476568,0.39310953,241.20000000000002
0.47530046,0.39310703,241.4
0.4741161,0.39310578,241.60000000000002
0.4724941,0.39310575,241.8
0.4720713,0.3931071,242.0
0.47224095,0.39310962,242.20000000000002
0.4731986,0.39311323,242.4
0.47413447,0.3931178,242.60000000000002
0.47476,0.393123,242.8
0.47558916,0.39312866,243.0
0.47695464,0.39313442,243.20000000000002
0.47827846,0.39314002,243.4
0.47894704,0.3931452,243.60000000000002
0.4798606,0.39314973,243.8
0.48015717,0.39315334,244.0
0.48025402,0.39315578,244.20000000000002
0.48016626,0.39315706,244.4
0.4792356,0.39315698,244.60000000000002
0.47873384,0.3931557,244.8
0.47943285,0.39315316,245.0
0.48003888,0.39314947,245.20000000000002
0.47982562,0.39314482,245.4
0.47977716,0.39313957,245.60000000000002
0.4795944,0.39313388,245.8
0.4791597,0.39312804,246.0
0.47867805,0.39312232,246.20000000000002
0.47812006,0.3931171,246.4
0.4773268,0.3931126,246.60000000000002
0.47655562,0.39310902,246.8
0.47508237,0.3931066,247.0
0.47353342,0.39310548,247.20000000000002
0.472342,0.39310563,247.4
0.4720585,0.39310706,247.60000000000002
0.4724621,0.39310965,247.8
0.47314385,0.39311343,248.0
0.47414476,0.39311808,248.20000000000002
0.47452337,0.39312342,248.4
0.47591025,0.3931291,248.60000000000002
0.47709352,0.39313495,248.8
0.47832105,0.39314064,249.0
0.47903514,0.3931458,249.20000000000002
0.48006326,0.3931503,249.4
0.48015526,0.39315385,249.60000000000002
0.4802031,0.39315626,249.8
0.47990447,0.39315745,250.0
0.47962388,0.3931573,250.20000000000002
0.47907233,0.3931558,250.4
0.4787012,0.39315316,250.60000000000002
0.47965446,0.3931494,250.8
0.47983044,0.39314464,251.0
0.47986117,0.39313924,251.20000000000002
0.47953784,0.3931335,251.4
0.47925508,0.39312756,251.60000000000002
0.4787197,0.39312184,251.8
0.47777635,0.39311662,252.0
0.47724545,0.39311215,252.20000000000002
0.47594887,0.39310864,252.4
0.47464064,0.39310628,252.60000000000002
0.47301802,0.39310515,252.8
0.4722915,0.3931055,253.0
0.47194144,0.393107,253.20000000000002
0.47274473,0.39310977,253.4
0.47336477,0.39311364,253.60000000000002
0.47431868,0.3931184,253.8
0.4749753,0.3931238,254.0
0.47615382,0.39312962,254.20000000000002
0.47713083,0.39313555,254.4
0.47819486,0.39314118,254.60000000000002
0.4792492,0.3931464,254.8
0.48008728,0.3931509,255.0
0.48021308,0.39315432,255.20000000000002
0.48017132,0.3931567,255.4
0.47990546,0.39315778,255.60000000000002
0.47944713,0.3931575,255.8
0.47916782,0.39315596,256.0
0.47937864,0.39315316,256.2
0.4797789,0.39314926,256.40000000000003
0.47937548,0.39314437,256.6
0.47984684,0.39313895,256.8
0.47894162,0.39313304,257.0
0.4790143,0.3931271,257.2
0.47876942,0.39312133,257.40000000000003
0.47799382,0.39311606,257.6
0.47695857,0.39311162,257.8
0.47585052,0.3931082,258.0
0.4746214,0.3931059,258.2
0.47310776,0.39310488,258.40000000000003
0.4721178,0.39310527,258.6
0.4720935,0.39310694,258.8
0.47249514,0.39310986,259.0
0.47348487,0.39311385,259.2
0.47371486,0.3931187,259.40000000000003
0.47516006,0.39312425,259.6
0.47625482,0.39313012,259.8
0.47754398,0.39313608,260.0
0.47823238,0.3931418,260.2
0.47916627,0.39314696,260.40000000000003
0.47999236,0.39315143,260.6
0.4803367,0.39315486,260.8
0.48013917,0.39315718,261.0
0.4799681,0.39315808,261.2
0.4794154,0.3931578,261.40000000000003
0.4793812,0.3931561,261.6
0.47939086,0.39315316,261.8
0.47924268,0.3931491,262.0
0.4800267,0.39314416,262.2
0.4799266,0.3931386,262.40000000000003
0.47935975,0.39313263,262.6
0.47893387,0.39312658,262.8
0.47861448,0.3931208,263.0
0.47779223,0.39311555,263.2
0.47694603,0.39311114,263.40000000000003
0.47578004,0.39310777,263.6
0.4744151,0.39310554,263.8
0.4729754,0.39310464,264.0
0.4721465,0.39310512,264.2
0.47226667,0.3931069,264.40000000000003
0.4724247,0.39310995,264.6
0.47355592,0.39311406,264.8
0.47449103,0.39311904,265.0
0.4757405,0.39312467,265.2
0.47659335,0.39313063,265.40000000000003
0.477866,0.39313662,265.6
0.47917956,0.3931424,265.8
0.47905356,0.3931476,266.0
0.48003906,0.39315197,266.2
0.4799348,0.39315543,266.40000000000003
0.48008764,0.3931576,266.6
0.47971588,0.39315847,266.8
0.4791417,0.39315802,267.0
0.4790331,0.39315623,267.2
0.47930527,0.3931532,267.40000000000003
0.4793804,0.393149,267.6
0.4799537,0.3931439,267.8
0.47971022,0.39313823,268.0
0.47929204,0.39313218,268.2
0.4786858,0.39312613,268.40000000000003
0.47845873,0.39312032,268.6
0.47747874,0.39311504,268.8
0.4767254,0.3931107,269.0
0.47532344,0.3931073,269.2
0.47416633,0.3931052,269.40000000000003
0.47264513,0.3931044,269.6
0.47215965,0.393105,269.8
0.47230232,0.3931069,270.0
0.47296762,0.3931101,270.2
0.4737596,0.39311433,270.40000000000003
0.4746283,0.39311942,270.6
0.4756242,0.39312512,270.8
0.47685373,0.39313114,271.0
0.4780702,0.39313725,271.2
0.47901112,0.393143,271.40000000000003
0.47945434,0.3931482,271.6
0.47990045,0.3931526,271.8
0.48012704,0.39315593,272.0
0.48013496,0.39315808,272.2
0.47939426,0.39315882,272.40000000000003
0.47871667,0.39315826,272.6
0.47933698,0.39315632,272.8
0.47996688,0.3931531,273.0
0.47962254,0.3931488,273.2
0.47956324,0.39314368,273.40000000000003
0.47957718,0.39313784,273.6
0.47921288,0.39313176,273.8
0.4785968,0.3931256,274.0
0.47816238,0.39311978,274.2
0.4774197,0.39311454,274.40000000000003
0.47636262,0.39311013,274.6
0.475276,0.39310688,274.8
0.4737845,0.39310482,275.0
0.47231764,0.39310414,275.2
0.472059,0.39310485,275.40000000000003
0.4723576,0.3931069,275.6
0.47315708,0.39311016,275.8
0.47412932,0.39311454,276.0
0.47457886,0.39311975,276.2
0.47578377,0.39312556,276.40000000000003
0.4770993,0.39313167,276.6
0.47826344,0.39313778,276.8
0.47885457,0.39314362,277.0
0.48018748,0.39314884,277.2
0.4801816,0.39315316,277.40000000000003
0.48032162,0.39315647,277.6
0.4799391,0.3931585,277.8
0.47925773,0.39315912,278.0
0.47893694,0.3931585,278.2
0.47909227,0.3931564,278.40000000000003
0.47962385,0.39315307,278.6
0.47996482,0.39314872,278.8
0.47979093,0.39314336,279.0
0.47953898,0.39313745,279.2
0.47899756,0.39313126,279.40000000000003
0.47868124,0.39312512,279.6
0.47776866,0.39311922,279.8
0.4774067,0.393114,280.0
0.47627655,0.39310965,280.2
0.47471476,0.39310646,280.40000000000003
0.4732432,0.39310446,280.6
0.4723778,0.39310393,280.8
0.4720127,0.3931047,281.0
0.47260648,0.3931069,281.2
0.4732985,0.3931103,281.40000000000003
0.4742491,0.3931148,281.6
0.47479767,0.3931201,281.8
0.47604573,0.39312607,282.0
0.4770698,0.3931322,282.2
0.4782363,0.3931384,282.40000000000003
0.4793074,0.39314422,282.6
0.47995073,0.39314947,282.8
0.48018134,0.39315376,283.0
0.48015139,0.39315704,283.2
0.47992623,0.39315894,283.40000000000003
0.4797801,0.3931595,283.6
0.47911376,0.3931587,283.8
0.4791275,0.39315653,284.0
0.47973245,0.39315304,284.2
0.47962746,0.3931485,284.40000000000003
0.47989875,0.3931431,284.6
0.47954267,0.3931371,284.8
0.4791477,0.3931308,285.0
0.47858116,0.39312458,285.2
0.47799549,0.3931187,285.40000000000003
0.47718897,0.39311346,285.6
0.47591227,0.39310917,285.8
0.4746703,0.39310604,286.0
0.47307026,0.3931041,286.2
0.47218403,0.39310372,286.40000000000003
0.4719752,0.39310458,286.6
0.47262064,0.3931069,286.8
0.47344077,0.39311045,287.0
0.47373927,0.39311504,287.2
0.47500792,0.3931205,287.40000000000003
0.47619808,0.39312652,287.6
0.47736126,0.3931328,287.8
0.4781255,0.39313903,288.0
0.47925064,0.39314488,288.2
0.47988608,0.39315006,288.40000000000003
0.48026615,0.39315438,288.6
0.480027,0.3931575,288.8
0.47995377,0.39315936,289.0
0.47939277,0.39315984,289.2
0.47926417,0.39315888,289.40000000000003
0.4796065,0.39315662,289.6
0.4795836,0.39315298,289.8
0.4799193,0.39314833,290.0
0.4799109,0.39314282,290.2
0.47937253,0.39313668,290.40000000000003
0.47899434,0.39313033,290.6
0.4787674,0.39312407,290.8
0.47796798,0.3931181,291.0
0.47697085,0.39311293,291.2
0.4759312,0.39310867,291.40000000000003
0.47461638,0.39310554,291.6
0.4730597,0.39310378,291.8
0.47212696,0.39310342,292.0
0.47228304,0.39310446,292.2
0.4724437,0.3931069,292.40000000000003
0.4735448,0.3931106,292.6
0.47424588,0.39311537,292.8
0.47544178,0.3931209,293.0
0.47650382,0.39312705,293.2
0.47743767,0.39313334,293.40000000000003
0.47870848,0.39313963,293.6
0.47905943,0.39314553,293.8
0.4801196,0.3931507,294.0
0.48009157,0.39315498,294.2
0.4801069,0.39315805,294.40000000000003
0.4798773,0.3931598,294.6
0.47935575,0.39316016,294.8
0.47936368,0.3931591,295.0
0.47915822,0.39315668,295.2
0.4791178,0.39315295,295.40000000000003
0.48004657,0.39314812,295.6
0.47983542,0.3931425,295.8
0.47937384,0.39313632,296.0
0.47882843,0.39312986,296.2
0.47858626,0.3931235,296.40000000000003
0.4775688,0.39311764,296.6
0.47690448,0.3931124,296.8
0.47546458,0.39310816,297.0
0.4743378,0.39310515,297.2
0.47286022,0.39310345,297.40000000000003
0.4722223,0.39310318,297.6
0.47230065,0.3931044,297.8
0.47280544,0.393107,298.0
0.47361764,0.39311078,298.2
0.4746117,0.39311564,298.40000000000003
0.47544914,0.39312133,298.6
0.47674355,0.39312753,298.8
0.47793716,0.39313394,299.0
0.4791403,0.39314032,299.2
0.47913322,0.39314616,299.40000000000003
0.47997212,0.39315134,299.6
0.4800636,0.39315554,299.8
0.48014474,0.39315858,300.0
0.479561,0.39316022,300.2
0.47897837,0.39316052,300.40000000000003
0.47908276,0.3931593,300.6
0.47959214,0.3931567,300.8
0.47951716,0.39315286,301.0
0.47981054,0.39314795,301.2
0.47964817,0.3931422,301.40000000000003
0.4792499,0.39313588,301.6
0.47857955,0.39312938,301.8
0.4783775,0.39312297,302.0
0.47752428,0.39311704,302.2
0.47656727,0.39311185,302.40000000000003
0.47529912,0.39310765,302.6
0.47411487,0.39310473,302.8
0.4724933,0.39310315,303.0
0.4720707,0.393103,303.2
0.4722397,0.3931043,303.40000000000003
0.4731972,0.393107,303.6
0.4741323,0.39311096,303.8
0.47475886,0.39311597,304.0
0.47558925,0.39312178,304.2
0.47695386,0.39312807,304.40000000000003
0.47827843,0.39313456,304.6
0.47894692,0.3931409,304.8
0.47985852,0.3931468,305.0
0.48015428,0.39315194,305.2
0.4802526,0.39315614,305.40000000000003
0.48016497,0.3931591,305.6
0.47923514,0.3931607,305.8
0.47873187,0.39316082,306.0
0.47943252,0.39315948,306.2
0.48003858,0.39315674,306.40000000000003
0.47982436,0.3931528,306.6
0.47977602,0.3931477,306.8
0.47959328,0.39314187,307.0
0.47915894,0.3931355,307.20000000000005
0.47867697,0.39312887,307.40000000000003
0.47811958,0.39312246,307.6
0.47732526,0.39311647,307.8
0.47655365,0.39311132,308.0
0.4750818,0.39310718,308.20000000000005
0.473533,0.39310429,308.40000000000003
0.472341,0.39310282,308.6
0.472058,0.39310277,308.8
0.47246125,0.39310429,309.0
0.47314328,0.39310703,309.20000000000005
0.47414398,0.39311117,309.40000000000003
0.47452357,0.39311627,309.6
0.47590932,0.39312223,309.8
0.47709304,0.39312857,310.0
0.47831908,0.39313513,310.20000000000005
0.4790327,0.39314154,310.40000000000003
0.48006177,0.3931475,310.6
0.48015362,0.3931526,310.8
0.480202,0.39315677,311.0
0.47990254,0.39315963,311.20000000000005
0.47962165,0.39316112,311.40000000000003
0.4790706,0.39316112,311.6
0.47870013,0.39315966,311.8
0.47965258,0.3931568,312.0
0.47982925,0.39315265,312.20000000000005
0.4798595,0.3931475,312.40000000000003
0.4795362,0.3931415,312.6
0.47925374,0.393135,312.8
0.47871804,0.39312837,313.0
0.47777557,0.3931219,313.20000000000005
0.47724527,0.39311594,313.40000000000003
0.47594842,0.39311075,313.6
0.47463953,0.3931067,313.8
0.4730181,0.39310387,314.0
0.47229168,0.39310247,314.20000000000005
0.47194156,0.3931026,314.40000000000003
0.4727447,0.39310423,314.6
0.47336388,0.39310715,314.8
0.4743177,0.39311138,315.0
0.47497463,0.39311665,315.20000000000005
0.4761531,0.39312264,315.40000000000003
0.47712946,0.39312917,315.6
0.4781943,0.3931358,315.8
0.4792495,0.3931422,316.0
0.48008835,0.39314815,316.20000000000005
0.48021328,0.39315328,316.40000000000003
0.4801716,0.39315736,316.6
0.47990584,0.39316016,316.8
0.47944814,0.39316154,317.0
0.47916803,0.39316148,317.20000000000005
0.47937775,0.39315984,317.40000000000003
0.479779,0.39315686,317.6
0.4793768,0.3931526,317.8
0.47984737,0.39314723,318.0
0.47894084,0.39314118,318.20000000000005
0.47901464,0.39313456,318.40000000000003
0.47876737,0.39312786,318.6
0.47799432,0.39312133,318.8
0.47695962,0.39311534,319.0
0.47585106,0.3931102,319.20000000000005
0.47462147,0.39310622,319.40000000000003
0.4731086,0.39310348,319.6
0.47211805,0.39310217,319.8
0.47209293,0.39310247,320.0
0.4724958,0.3931041,320.20000000000005
0.47348523,0.39310724,320.40000000000003
0.47371274,0.39311162,320.6
0.47515908,0.39311695,320.8
0.47625417,0.39312312,321.0
0.47754362,0.3931297,321.20000000000005
0.47822824,0.3931364,321.40000000000003
0.47916344,0.39314285,321.6
0.47998837,0.3931488,321.8
0.48033297,0.39315397,322.0
0.48013535,0.39315796,322.20000000000005
0.47996414,0.39316067,322.40000000000003
0.47941092,0.39316198,322.6
0.47937727,0.3931617,322.8
0.4793879,0.39316,323.0
0.47924003,0.39315686,323.20000000000005
0.48002288,0.39315245,323.40000000000003
0.47992268,0.39314702,323.6
0.4793569,0.39314082,323.8
0.4789306,0.3931341,324.0
0.47861195,0.39312732,324.20000000000005
0.47779047,0.39312077,324.40000000000003
0.47694483,0.39311478,324.6
0.47578058,0.39310968,324.8
0.47441393,0.3931057,325.0
0.47297448,0.39310306,325.20000000000005
0.4721456,0.39310187,325.40000000000003
0.47226584,0.39310226,325.6
0.47242144,0.39310408,325.8
0.47355464,0.3931073,326.0
0.47448793,0.39311185,326.20000000000005
0.47573763,0.39311734,326.40000000000003
0.47659197,0.39312363,326.6
0.47786507,0.39313024,326.8
0.4791795,0.39313704,327.0
0.47905296,0.39314353,327.20000000000005
0.48003963,0.39314947,327.40000000000003
0.47993404,0.39315456,327.6
0.48008767,0.39315856,327.8
0.47971684,0.3931612,328.0
0.4791426,0.39316237,328.20000000000005
0.47903407,0.393162,328.40000000000003
0.4793027,0.39316016,328.6
0.47937906,0.39315686,328.8
0.47995406,0.39315236,329.0
0.47971073,0.39314675,329.20000000000005
0.4792927,0.39314044,329.40000000000003
0.4786868,0.39313364,329.6
0.4784598,0.3931268,329.8
0.47747913,0.39312017,330.0
0.47672728,0.39311424,330.20000000000005
0.4753248,0.3931091,330.40000000000003
0.47416818,0.3931052,330.6
0.4726473,0.39310268,330.8
0.4721624,0.39310157,331.0
0.4723041,0.39310202,331.20000000000005
0.47296643,0.39310402,331.40000000000003
0.47375855,0.39310744,331.6
0.4746284,0.39311206,331.8
0.47561955,0.39311773,332.0
0.47685325,0.39312407,332.20000000000005
0.47806898,0.39313087,332.40000000000003
0.47901392,0.3931377,332.6
0.47945428,0.39314425,332.8
0.4799044,0.3931502,333.0
0.4801304,0.39315525,333.20000000000005
0.48013994,0.3931592,333.40000000000003
0.47940105,0.3931617,333.6
0.47872528,0.3931628,333.8
0.47933826,0.39316234,334.0
0.47996658,0.3931603,334.20000000000005
0.47962433,0.39315686,334.40000000000003
0.47956765,0.3931522,334.6
0.47958216,0.39314646,334.8
0.47921604,0.39314002,335.0
0.47859973,0.3931331,335.20000000000005
0.47816792,0.39312622,335.40000000000003
0.47742534,0.39311963,335.6
0.47636592,0.39311364,335.8
0.4752781,0.39310855,336.0
0.4737894,0.3931047,336.20000000000005
0.4723215,0.39310223,336.40000000000003
0.47206002,0.39310133,336.6
0.47235817,0.3931019,336.8
0.47315857,0.39310402,337.0
0.4741308,0.3931076,337.20000000000005
0.4745817,0.3931124,337.40000000000003
0.4757843,0.3931181,337.6
0.47710097,0.39312458,337.8
0.4782656,0.39313146,338.0
0.47885785,0.39313832,338.20000000000005
0.48019192,0.39314497,338.40000000000003
0.48018515,0.3931509,338.6
0.48032328,0.39315593,338.8
0.47994384,0.39315978,339.0
0.47925752,0.39316222,339.20000000000005
0.47893822,0.39316314,339.40000000000003
0.47909954,0.39316258,339.6
0.47963068,0.39316043,339.8
0.47996604,0.39315686,340.0
0.47979355,0.39315206,340.20000000000005
0.47954264,0.39314616,340.40000000000003
0.47900197,0.3931396,340.6
0.47868374,0.3931327,340.8
0.47777408,0.3931257,341.0
0.4774077,0.39311904,341.20000000000005
0.47628117,0.39311302,341.40000000000003
0.47471896,0.39310804,341.6
0.47324675,0.3931042,341.8
0.47237924,0.3931018,342.0
0.47201392,0.39310095,342.20000000000005
0.4726058,0.39310172,342.40000000000003
0.47329763,0.39310402,342.6
0.47424954,0.3931077,342.8
0.47479716,0.39311266,343.0
0.4760454,0.39311853,343.20000000000005
0.47707114,0.39312515,343.40000000000003
0.478239,0.3931321,343.6
0.47931144,0.39313903,343.8
0.47995496,0.39314562,344.0
0.4801849,0.39315158,344.20000000000005
0.48015356,0.3931566,344.40000000000003
0.47992903,0.3931604,344.6
0.47978008,0.39316276,344.8
0.4791156,0.39316362,345.0
0.4791263,0.39316285,345.20000000000005
0.47973394,0.39316058,345.40000000000003
0.4796304,0.3931569,345.6
0.47990006,0.39315188,345.8
0.47954306,0.3931459,346.0
0.47914866,0.39313918,346.20000000000005
0.47858235,0.39313215,346.40000000000003
0.4779941,0.39312506,346.6
0.47719032,0.3931184,346.8
0.4759126,0.39311242,347.0
0.47467092,0.3931074,347.20000000000005
0.47307014,0.39310375,347.40000000000003
0.4721846,0.39310142,347.6
0.47197473,0.3931007,347.8
0.47262135,0.3931016,348.0
0.47344065,0.39310402,348.20000000000005
0.47374263,0.39310783,348.40000000000003
0.4750078,0.39311293,348.6
0.476199,0.39311898,348.8
0.47735965,0.39312568,349.0
0.47812372,0.3931327,349.20000000000005
0.4792476,0.3931397,349.40000000000003
0.47988287,0.3931464,349.6
0.48026147,0.39315233,349.8
0.48002082,0.39315724,350.0
0.47994864,0.39316097,350.20000000000005
0.47938752,0.39316326,350.40000000000003
0.47925934,0.393164,350.6
0.4796027,0.39316308,350.8
0.47958,0.3931607,351.0
0.47991425,0.3931568,351.20000000000005
0.47990596,0.3931517,351.40000000000003
0.47936964,0.39314556,351.6
0.47899002,0.39313877,351.8
0.47876328,0.39313164,352.0
0.47796428,0.39312452,352.20000000000005
0.47696623,0.39311785,352.40000000000003
0.47592777,0.39311185,352.6
0.4746129,0.39310685,352.8
0.4730564,0.39310324,353.0
0.4721251,0.39310107,353.20000000000005
0.47228104,0.3931005,353.40000000000003
0.4724421,0.39310145,353.6
0.4735425,0.39310405,353.8
0.47424227,0.39310804,354.0
0.47543892,0.39311326,354.20000000000005
0.47650093,0.3931194,354.40000000000003
0.47743517,0.3931262,354.6
0.4787068,0.3931333,354.8
0.47906545,0.3931404,355.0
0.48012352,0.3931471,355.20000000000005
0.48009914,0.393153,355.40000000000003
0.48011076,0.393158,355.6
0.4798823,0.3931616,355.8
0.47936177,0.39316383,356.0
0.47936895,0.39316443,356.20000000000005
0.47916394,0.39316338,356.40000000000003
0.47912344,0.3931608,356.6
0.48005083,0.39315677,356.8
0.47984228,0.39315155,357.0
0.4793771,0.39314523,357.20000000000005
0.47883254,0.39313835,357.40000000000003
0.47859025,0.39313114,357.6
0.4775743,0.39312392,357.8
0.4769083,0.3931172,358.0
0.4754696,0.39311123,358.20000000000005
0.4743422,0.39310634,358.40000000000003
0.47286457,0.3931028,358.6
0.47222367,0.39310068,358.8
0.4723022,0.39310017,359.0
0.47280586,0.39310133,359.20000000000005
0.47362074,0.3931041,359.40000000000003
0.47461396,0.39310822,359.6
0.4754564,0.39311358,359.8
0.4767436,0.39311987,360.0
0.47793743,0.3931268,360.20000000000005
0.47914088,0.39313397,360.40000000000003
0.47913125,0.39314115,360.6
0.4799717,0.39314783,360.8
0.4800629,0.39315376,361.0
0.48014426,0.39315867,361.20000000000005
0.47956127,0.39316222,361.40000000000003
0.4789787,0.3931643,361.6
0.47908014,0.39316478,361.8
0.47958946,0.3931636,362.0
0.4795153,0.3931609,362.20000000000005
0.47981212,0.3931567,362.40000000000003
0.47964734,0.39315128,362.6
0.47924963,0.3931449,362.8
0.47857785,0.39313787,363.0
0.478377,0.39313054,363.20000000000005
0.47752285,0.39312333,363.40000000000003
0.47656733,0.39311656,363.6
0.47529805,0.39311063,363.8
0.4741141,0.39310578,364.0
0.47249296,0.39310226,364.20000000000005
0.47207022,0.39310032,364.40000000000003
0.47223797,0.39309993,364.6
0.47319505,0.39310125,364.8
0.47412843,0.3931041,365.0
0.4747571,0.39310843,365.20000000000005
0.47559,0.3931139,365.40000000000003
0.47695217,0.39312035,365.6
0.47827733,0.39312735,365.8
0.4789466,0.39313465,366.0
0.47985503,0.39314184,366.20000000000005
0.4801497,0.39314857,366.40000000000003
0.48025116,0.3931545,366.6
0.4801631,0.39315933,366.8
0.4792345,0.39316282,367.0
0.4787284,0.39316484,367.20000000000005
0.4794315,0.39316514,367.40000000000003
0.48003733,0.39316386,367.6
0.47982144,0.39316097,367.8
0.4797734,0.39315665,368.0
0.4795907,0.39315107,368.20000000000005
0.47915733,0.39314455,368.40000000000003
0.4786748,0.3931374,368.6
0.47811866,0.39312997,368.8
0.47732335,0.39312276,369.0
0.476551,0.393116,369.20000000000005
0.47508213,0.39311,369.40000000000003
0.47353336,0.39310524,369.6
0.4723396,0.3931018,369.8
0.47205746,0.39309993,370.0
0.47245997,0.39309973,370.20000000000005
0.47314256,0.3931012,370.40000000000003
0.4741431,0.39310417,370.6
0.47452486,0.3931086,370.8
0.475908,0.39311424,371.0
0.4770929,0.39312083,371.20000000000005
0.47832015,0.39312798,371.40000000000003
0.47903287,0.39313537,371.6
0.48006427,0.3931426,371.8
0.48015556,0.39314932,372.0
0.4802051,0.39315465,372.20000000000005
0.47990298,0.39316002,372.40000000000003
0.47962177,0.39316344,372.6
0.47907197,0.3931653,372.8
0.47870195,0.39316553,373.0
0.47965348,0.39316407,373.20000000000005
0.47983095,0.39316103,373.40000000000003
0.47986063,0.3931566,373.6
0.4795379,0.39315084,373.8
0.4792562,0.39314422,374.0
0.47872022,0.39313695,374.20000000000005
0.4777789,0.39312947,374.40000000000003
0.47724876,0.39312214,374.6
0.47595075,0.3931153,374.8
0.47464234,0.39310938,375.0
0.47302097,0.39310464,375.20000000000005
0.47229397,0.3931013,375.40000000000003
0.47194335,0.39309958,375.6
0.4727462,0.39309946,375.8
0.47336474,0.39310107,376.0
0.4743188,0.39310426,376.20000000000005
0.47497576,0.39310884,376.40000000000003
0.47615397,0.39311466,376.6
0.47713086,0.39312133,376.8
0.47819942,0.39312854,377.0
0.47925466,0.39313608,377.20000000000005
0.48009437,0.39314327,377.40000000000003
0.48021877,0.393149,377.6
0.48017687,0.3931546,377.8
0.47991186,0.39316073,378.0
0.47945455,0.3931641,378.20000000000005
0.47917336,0.3931658,378.40000000000003
0.4793829,0.3931659,378.6
0.47978526,0.3931643,378.8
0.4793841,0.39316106,379.0
0.47985372,0.39315647,379.20000000000005
0.47894475,0.39315063,379.40000000000003
0.4790214,0.39314377,379.6
0.4787723,0.3931365,379.8
0.47800094,0.39312887,380.0
0.47696728,0.3931215,380.20000000000005
0.47585672,0.3931147,380.40000000000003
0.474628,0.39310876,380.6
0.47311482,0.39310408,380.8
0.47212112,0.39310083,381.0
0.4720958,0.39309922,381.20000000000005
0.47249925,0.39309925,381.40000000000003
0.47348943,0.39310098,381.6
0.47371513,0.39310434,381.8
0.4751616,0.3931091,382.0
0.47625735,0.39311504,382.20000000000005
0.47754815,0.39312184,382.40000000000003
0.47823286,0.3931292,382.6
0.47916752,0.39313674,382.8
0.47999394,0.3931441,383.0
0.48033836,0.39314845,383.20000000000005
0.48014253,0.39315447,383.40000000000003
0.4799711,0.39316142,383.6
0.47941768,0.39316463,383.8
0.47938302,0.39316627,384.0
0.47939494,0.3931662,384.20000000000005
0.47924763,0.39316452,384.40000000000003
0.48002863,0.39316115,384.6
0.4799292,0.39315635,384.8
0.4793609,0.39315033,385.0
0.4789349,0.39314342,385.20000000000005
0.47861513,0.39313594,385.40000000000003
0.4777942,0.39312834,385.6
0.476948,0.39312088,385.8
0.47578463,0.393114,386.0
0.47441724,0.3931082,386.20000000000005
0.47297755,0.39310354,386.40000000000003
0.47214702,0.39310038,386.6
0.47226748,0.39309886,386.8
0.47242218,0.39309904,387.0
0.47355655,0.39310095,387.20000000000005
0.47448942,0.39310446,387.40000000000003
0.47573835,0.39310935,387.6
0.47659236,0.3931154,387.8
0.47786528,0.39312238,388.0
0.4791797,0.39312983,388.20000000000005
0.47905278,0.39313745,388.40000000000003
0.4800396,0.39314482,388.6
0.47993368,0.3931481,388.8
0.4800875,0.39315447,389.0
0.4797168,0.3931621,389.20000000000005
0.47914258,0.3931653,389.40000000000003
0.47903413,0.39316678,389.6
0.479302,0.3931666,389.8
0.4793788,0.3931647,390.0
0.47995427,0.39316115,390.20000000000005
0.47971103,0.39315623,390.40000000000003
0.47929284,0.3931501,390.6
0.47868702,0.393143,390.8
0.47846016,0.39313543,391.0
0.47747943,0.39312774,391.20000000000005
0.47672775,0.39312026,391.40000000000003
0.4753251,0.39311343,391.6
0.47416857,0.39310753,391.8
0.47264773,0.39310297,392.0
0.47216293,0.39309987,392.20000000000005
0.4723044,0.3930985,392.40000000000003
0.4729661,0.39309883,392.6
0.4737583,0.39310086,392.8
0.4746284,0.39310455,393.0
0.47561857,0.39310962,393.20000000000005
0.47685352,0.39311585,393.40000000000003
0.47806808,0.3931229,393.6
0.47901297,0.39313048,393.8
0.4794524,0.3931382,394.0
0.47990185,0.3931449,394.20000000000005
0.4801283,0.3931477,394.40000000000003
0.48013765,0.39315438,394.6
0.47939864,0.39316282,394.8
0.47872224,0.39316586,395.0
0.47933602,0.39316726,395.20000000000005
0.479964,0.39316696,395.40000000000003
0.47962236,0.39316493,395.6
0.47956562,0.39316124,395.8
0.47957963,0.3931561,396.0
0.47921404,0.39314976,396.20000000000005
0.47859773,0.39314258,396.40000000000003
0.47816625,0.39313495,396.6
0.47742367,0.3931271,396.8
0.47636393,0.39311963,397.0
0.47527605,0.39311275,397.20000000000005
0.47378767,0.39310688,397.40000000000003
0.47231978,0.39310238,397.6
0.47205907,0.39309943,397.8
0.47235712,0.3930982,398.0
0.47315747,0.39309868,398.20000000000005
0.47412947,0.3931009,398.40000000000003
0.47458076,0.39310467,398.6
0.47578302,0.3931099,398.8
0.4770999,0.3931163,399.0
0.4782648,0.3931235,399.20000000000005
0.47885764,0.3931312,399.40000000000003
0.48019168,0.39313892,399.6
0.48018494,0.3931442,399.8
0.48032296,0.39314732,400.0
