omega1,omega2,time
0.0011579357,-0.0002952218,0.0
0.0011579357,-0.0002952218,0.2
0.001158692,-0.00029537454,0.4
0.0011601262,-0.00029592216,0.6000000000000001
0.0011620633,-0.0002968721,0.8
0.0011644997,-0.0002983287,1.0
0.0011671744,-0.0003001243,1.2000000000000002
0.0011700243,-0.00030228868,1.4000000000000001
0.0011730231,-0.00030479208,1.6
0.0011758991,-0.00030745193,1.8
0.001178693,-0.00031031296,2.0
0.0011812709,-0.00031325594,2.2
0.0011834353,-0.00031608343,2.4000000000000004
0.0011851601,-0.00031879544,2.6
0.0011864044,-0.00032130256,2.8000000000000003
0.0011870526,-0.00032346323,3.0
0.0011870526,-0.0003252104,3.2
0.0011864118,-0.0003264919,3.4000000000000004
0.001185108,-0.0003272295,3.6
0.0011830516,-0.00032726675,3.8000000000000003
0.0011803135,-0.00032664835,4.0
0.0011770241,-0.00032539293,4.2
0.0011731721,-0.0003234297,4.4
0.0011689253,-0.00032082945,4.6000000000000005
0.0011643544,-0.00031764805,4.800000000000001
0.0011596046,-0.00031392276,5.0
0.0011548251,-0.0003097728,5.2
0.0011502467,-0.0003053695,5.4
0.0011458956,-0.00030072778,5.6000000000000005
0.0011419766,-0.00029603392,5.800000000000001
0.0011387207,-0.00029149652,6.0
0.0011361875,-0.00028721243,6.2
0.0011344887,-0.00028333068,6.4
0.0011337884,-0.00028003752,6.6000000000000005
0.0011341833,-0.00027749687,6.800000000000001
0.0011356585,-0.00027578697,7.0
0.0011382662,-0.00027504936,7.2
0.001141943,-0.0002753213,7.4
0.0011466108,-0.00027662516,7.6000000000000005
0.0011522882,-0.00027911365,7.800000000000001
0.0011586994,-0.00028260425,8.0
0.0011657514,-0.00028713048,8.200000000000001
0.0011732839,-0.00029262528,8.4
0.001181025,-0.0002989322,8.6
0.0011886992,-0.0003058426,8.8
0.0011960492,-0.00031315535,9.0
0.0012027957,-0.00032066554,9.200000000000001
0.0012088045,-0.00032820925,9.4
0.0012137257,-0.00033546984,9.600000000000001
0.0012173019,-0.0003421493,9.8
0.0012194738,-0.00034812093,10.0
0.0012199692,-0.0003530085,10.200000000000001
0.0012187436,-0.0003566593,10.4
0.0012157187,-0.00035890192,10.600000000000001
0.0012108535,-0.0003594905,10.8
0.0012042522,-0.00035838783,11.0
0.0011960678,-0.00035553426,11.200000000000001
0.0011864938,-0.00035100803,11.4
0.0011757053,-0.00034472346,11.600000000000001
0.001163993,-0.00033681467,11.8
0.0011517219,-0.000327494,12.0
0.0011392124,-0.0003169328,12.200000000000001
0.0011269338,-0.00030548126,12.4
0.0011153184,-0.00029346347,12.600000000000001
0.001104787,-0.0002812706,12.8
0.0010957681,-0.00026927888,13.0
0.001088541,-0.0002578199,13.200000000000001
0.0010835752,-0.00024742633,13.4
0.0010810122,-0.00023838133,13.600000000000001
0.0010812171,-0.00023116916,13.8
0.0010842346,-0.00022604689,14.0
0.0010902174,-0.00022337586,14.200000000000001
0.0010990538,-0.00022334978,14.4
0.0011106022,-0.00022608042,14.600000000000001
0.0011247098,-0.00023169816,14.8
0.0011409707,-0.00024010986,15.0
0.0011590049,-0.00025124103,15.200000000000001
0.0011783205,-0.0002648756,15.4
0.001198329,-0.00028067827,15.600000000000001
0.0012183897,-0.00029824302,15.8
0.0012378693,-0.00031710416,16.0
0.0012560152,-0.00033663213,16.2
0.0012722611,-0.00035633147,16.400000000000002
0.0012859143,-0.00037550926,16.6
0.00129636,-0.00039349496,16.8
0.0013029985,-0.00040953606,17.0
0.0013055019,-0.0004230924,17.2
0.0013036691,-0.0004337132,17.400000000000002
0.00129712,-0.0004406497,17.6
0.0012857132,-0.00044336915,17.8
0.0012698285,-0.0004418306,18.0
0.0012496039,-0.00043570995,18.2
0.0012255795,-0.00042510778,18.400000000000002
0.001198113,-0.00040980428,18.6
0.0011682548,-0.00039039925,18.8
0.0011365972,-0.00036709756,19.0
0.0011041425,-0.0003404878,19.200000000000003
0.0010718852,-0.00031121075,19.400000000000002
0.0010410808,-0.00028026104,19.6
0.0010127388,-0.0002484657,19.8
0.0009880066,-0.00021689385,20.0
0.0009677224,-0.00018652529,20.200000000000003
0.0009529181,-0.0001584515,20.400000000000002
0.0009444654,-0.00013380498,20.6
0.0009428561,-0.000113502145,20.8
0.00094867125,-9.8552555e-05,21.0
0.00096203387,-8.969754e-05,21.200000000000003
0.0009829588,-8.7596476e-05,21.400000000000002
0.0010111667,-9.2700124e-05,21.6
0.0010461025,-0.0001051873,21.8
0.001087036,-0.00012513995,22.0
0.001132898,-0.00015224889,22.200000000000003
0.0011824518,-0.00018602982,22.400000000000002
0.0012342632,-0.00022574514,22.6
0.0012866557,-0.00027034432,22.8
0.001338061,-0.00031872094,23.0
0.0013865568,-0.00036932528,23.200000000000003
0.0014305487,-0.00042079017,23.400000000000002
0.0014681779,-0.00047133118,23.6
0.0014977902,-0.0005191341,23.8
0.001518134,-0.00056265667,24.0
0.0015278421,-0.0006000325,24.200000000000003
0.0015260912,-0.0006297678,24.400000000000002
0.0015124455,-0.00065060705,24.6
0.0014864318,-0.00066111237,24.8
0.0014482401,-0.0006602779,25.0
0.0013985969,-0.0006477684,25.200000000000003
0.0013385378,-0.00062322244,25.400000000000002
0.0012694225,-0.00058685243,25.6
0.001192987,-0.0005391687,25.8
0.0011113994,-0.00048106164,26.0
0.001027178,-0.00041393936,26.200000000000003
0.0009429082,-0.00033950806,26.400000000000002
0.00086129084,-0.00025984645,26.6
0.000785362,-0.0001773499,26.8
0.00071778893,-9.4525516e-05,27.0
0.0006613992,-1.4163554e-05,27.200000000000003
0.0006186515,6.0949475e-05,27.400000000000002
0.0005917661,0.00012800843,27.6
0.00058247894,0.00018431619,27.8
0.0005920306,0.00022746995,28.0
0.0006213151,0.00025516003,28.200000000000003
0.000670325,0.00026573986,28.400000000000002
0.0007385574,0.00025785714,28.6
0.00082483515,0.00023072213,28.8
0.0009274334,0.00018410757,29.0
0.0010436103,0.00011859089,29.200000000000003
0.0011704676,3.5211444e-05,29.400000000000002
0.0013042986,-6.419793e-05,29.6
0.0014409758,-0.00017721951,29.8
0.0015761517,-0.00030089542,30.0
0.0017052256,-0.0004316494,30.200000000000003
0.0018236376,-0.00056554377,30.400000000000002
0.0019268468,-0.000698328,30.6
0.0020105802,-0.0008256212,30.8
0.0020708032,-0.0009426847,31.0
0.0021039508,-0.0010448396,31.200000000000003
0.0021082275,-0.001128614,31.400000000000002
0.0020811446,-0.0011895038,31.6
0.0020223,-0.0012246445,31.8
0.001931563,-0.0012310892,32.0
0.0018105395,-0.0012073368,32.2
0.0016612895,-0.001152344,32.4
0.0014872514,-0.0010661408,32.6
0.0012927018,-0.0009496957,32.800000000000004
0.001083184,-0.0008054897,33.0
0.00086515024,-0.00063696876,33.2
0.0006448962,-0.0004479736,33.4
0.00042979792,-0.00024370849,33.6
0.00022702292,-3.0077994e-05,33.800000000000004
4.4163316e-05,0.00018628687,34.0
-0.00011173263,0.00039838627,34.2
-0.00023371354,0.00059883296,34.4
-0.0003159903,0.0007803105,34.6
-0.00035377964,0.0009358451,34.800000000000004
-0.00034329668,0.0010588281,35.0
-0.00028165057,0.0011428334,35.2
-0.00016860291,0.0011834651,35.4
-4.9732625e-06,0.0011768416,35.6
0.00020711496,0.0011201985,35.800000000000004
0.00046286732,0.0010129139,36.0
0.00075663626,0.0008555427,36.2
0.0010805279,0.00065081567,36.4
0.001425352,0.00040271506,36.6
0.0017808862,0.00011720136,36.800000000000004
0.002136048,-0.00019837916,37.0
0.002478674,-0.000535056,37.2
0.0027969629,-0.00088310987,37.4
0.003078226,-0.00123116,37.6
0.003311295,-0.0015675724,37.800000000000004
0.0034860075,-0.001880832,38.0
0.0035930313,-0.0021590516,38.2
0.0036249869,-0.0023910925,38.400000000000006
0.0035771318,-0.0025671422,38.6
0.0034460612,-0.0026776828,38.800000000000004
0.0032318793,-0.0027156547,39.0
0.002937656,-0.0026762635,39.2
0.002568163,-0.0025560558,39.400000000000006
0.002131749,-0.0023545623,39.6
0.0016392209,-0.002073802,39.800000000000004
0.0011033118,-0.0017184131,40.0
0.0005402379,-0.0012964606,40.2
-3.329292e-05,-0.00081796944,40.400000000000006
-0.00059876963,-0.0002956763,40.6
-0.0011369102,0.0002554655,40.800000000000004
-0.0016288124,0.00081894547,41.0
-0.0020555444,0.001376681,41.2
-0.0023996457,0.0019099191,41.400000000000006
-0.0026451983,0.0023994595,41.6
-0.0027777702,0.0028260536,41.800000000000004
-0.0027874038,0.0031725168,42.0
-0.0026664957,0.003422536,42.2
-0.0024113394,0.0035620034,42.400000000000006
-0.0020217635,0.003579095,42.6
-0.0015048124,0.0034678727,42.800000000000004
-0.00086895004,0.003224302,43.0
-0.00012994185,0.002849631,43.2
0.000694748,0.0023489594,43.400000000000006
0.0015824847,0.001730971,43.6
0.0025054775,0.0010112375,43.800000000000004
0.0034356602,0.00020769984,44.0
0.004342865,-0.00065750256,44.2
0.0051944815,-0.0015585683,44.400000000000006
0.005958684,-0.0024678186,44.6
0.006603867,-0.003354244,44.800000000000004
0.0071026348,-0.004188005,45.0
0.0074312165,-0.004939504,45.2
0.007567525,-0.00557781,45.400000000000006
0.007497225,-0.0060761683,45.6
0.0072117336,-0.006410666,45.800000000000004
0.0067096017,-0.0065623075,46.0
0.005994793,-0.0065141246,46.2
0.005082514,-0.00626,46.400000000000006
0.0039898716,-0.0057946444,46.6
0.0027448349,-0.005121924,46.800000000000004
0.0013782308,-0.0042515434,47.0
-6.732717e-05,-0.00320296,47.2
-0.0015497319,-0.0019999668,47.400000000000006
-0.0030241683,-0.0006729588,47.6
-0.004441276,0.00074150413,47.800000000000004
-0.005751848,0.0022020862,48.0
-0.0066387393,0.0033985637,48.2
-0.007300429,0.0045224205,48.400000000000006
-0.007783141,0.0056140944,48.6
-0.008054849,0.0066307783,48.800000000000004
-0.008092631,0.007529594,49.0
-0.007884096,0.008273184,49.2
-0.0074302815,0.008795716,49.400000000000006
-0.006782867,0.008851789,49.6
-0.005904343,0.00867822,49.800000000000004
-0.004462391,0.007978715,50.0
-0.0026337616,0.0069026574,50.2
-0.0005698092,0.0055749193,50.400000000000006
0.0016814806,0.004021991,50.6
0.004054252,0.002285108,50.800000000000004
0.0064738356,0.0004146397,51.0
0.008826759,-0.0015212074,51.2
0.010959864,-0.0034823418,51.400000000000006
0.012833953,-0.0056370497,51.6
0.0142734535,-0.007756509,51.800000000000004
0.0143538155,-0.009246409,52.0
0.014255118,-0.01062952,52.2
0.013829321,-0.0118155405,52.400000000000006
0.013113193,-0.012758613,52.6
0.012150433,-0.013419084,52.800000000000004
0.010965977,-0.01375813,53.0
0.009596672,-0.013746519,53.2
0.008004762,-0.01325855,53.400000000000006
0.0062618963,-0.012381412,53.6
0.0029523782,-0.01043535,53.800000000000004
-0.0004494451,-0.008094497,54.0
-0.0039116256,-0.0054208636,54.2
-0.0070358217,-0.0027822554,54.400000000000006
-0.009306539,-0.00065743923,54.6
-0.011527218,0.0017676763,54.800000000000004
-0.013531182,0.004359834,55.0
-0.015138175,0.006997749,55.2
-0.015918903,0.009317331,55.400000000000006
-0.015812475,0.0112158805,55.6
-0.015546445,0.012932144,55.800000000000004
-0.014516339,0.01293841,56.0
-0.013589781,0.0129400045,56.2
-0.012047838,0.012661204,56.400000000000006
-0.009746049,0.011988431,56.6
-0.0072434954,0.011152588,56.800000000000004
-0.004623849,0.010273881,57.0
-0.0014955029,0.00880412,57.2
0.0019191466,0.0062599927,57.400000000000006
0.0064717866,0.002387926,57.6
0.011267047,-0.0016549453,57.800000000000004
0.014869828,-0.00509315,58.0
0.014944892,-0.0066723116,58.2
0.015373189,-0.008359224,58.400000000000006
0.015125077,-0.01063019,58.6
0.014625158,-0.013287529,58.800000000000004
0.014274981,-0.015897963,59.0
0.014097568,-0.018361308,59.2
0.013954166,-0.0203764,59.400000000000006
0.0129591,-0.021424383,59.6
0.010267299,-0.01959785,59.800000000000004
0.0078091584,-0.016835235,60.0
0.005186189,-0.013792779,60.2
0.0024995394,-0.010588974,60.400000000000006
-0.0037767924,-0.0056094453,60.6
-0.0078650005,-0.0019974448,60.800000000000004
-0.011685882,0.0013715476,61.0
-0.013916317,0.0035293773,61.2
-0.013724465,0.0040524974,61.400000000000006
-0.014502451,0.0053871647,61.6
-0.015271779,0.007870264,61.800000000000004
-0.014587697,0.0090769455,62.0
-0.013345074,0.009505436,62.2
-0.011562664,0.009192295,62.400000000000006
-0.009680327,0.008700885,62.6
-0.008110136,0.008505806,62.800000000000004
-0.006999146,0.008876495,63.0
-0.004778471,0.00799682,63.2
-0.0023584552,0.0066148117,63.400000000000006
0.0007450469,0.004862115,63.6
0.005792033,0.0014612451,63.800000000000004
0.007133171,-0.00084741414,64.0
0.008454755,-0.003835015,64.2
0.008895185,-0.006188661,64.4
0.009947449,-0.008719288,64.60000000000001
0.011168975,-0.0113393925,64.8
0.01114022,-0.012880709,65.0
0.009160891,-0.012460507,65.2
0.007755,-0.012673348,65.4
0.007662561,-0.012357853,65.60000000000001
0.007900439,-0.011913642,65.8
0.0061718076,-0.0104331635,66.0
0.0034169368,-0.0089084245,66.2
0.0017321147,-0.008838162,66.4
-0.0027926937,-0.0054701194,66.60000000000001
-0.0075455047,-0.0009936765,66.8
-0.008871507,0.0014566369,67.0
-0.007646244,0.0016129091,67.2
-0.007642187,0.0021781884,67.4
-0.008903455,0.0035392419,67.60000000000001
-0.008886512,0.00449951,67.8
-0.008443546,0.005894698,68.0
-0.007349372,0.0053799376,68.2
-0.007065762,0.0049018785,68.4
-0.0056858175,0.0046196952,68.60000000000001
-0.0041413866,0.004951693,68.8
-0.0038695075,0.005069621,69.0
-0.003034722,0.004546009,69.2
-0.00020129606,0.003220901,69.4
0.0045802407,0.0003529489,69.60000000000001
0.002889894,0.0009408705,69.8
0.004256528,-0.0023347884,70.0
0.004561059,-0.0051539093,70.2
0.0056229234,-0.0074592903,70.4
0.0060368665,-0.0067963116,70.60000000000001
0.005904015,-0.006653171,70.8
0.0052652955,-0.007100906,71.0
0.003850501,-0.00685028,71.2
0.004104521,-0.0059414804,71.4
0.004955042,-0.0059718713,71.60000000000001
0.0045330264,-0.005892433,71.8
0.0015752688,-0.0043592453,72.0
0.00019505993,-0.004918445,72.2
-0.0027651414,-0.004815981,72.4
-0.005910013,-0.0006734356,72.60000000000001
-0.0050750487,0.00029648095,72.8
-0.0039809607,0.00056409463,73.0
-0.0043591224,0.0012816004,73.2
-0.005331978,0.0022069886,73.4
-0.0051310994,0.0028268322,73.60000000000001
-0.004498847,0.0036707744,73.8
-0.003244307,0.0025730506,74.0
-0.0034434758,0.0021107942,74.2
-0.003132023,0.0023662262,74.4
-0.0020496733,0.0026998818,74.60000000000001
-0.0026026405,0.0028875396,74.8
-0.00158564,0.0023340657,75.0
0.0015126951,0.0011722371,75.2
0.0022754967,0.00022543967,75.4
0.0012903325,0.00017292798,75.60000000000001
0.0017744265,-0.0032275245,75.8
0.0019097328,-0.0044611394,76.0
0.002159264,-0.0030543432,76.2
0.0028344356,-0.0029627532,76.4
0.0030579902,-0.0036085695,76.60000000000001
0.0019921996,-0.0041445717,76.80000000000001
0.0018528216,-0.0027883016,77.0
0.00294346,-0.002567418,77.2
0.0037790425,-0.003263913,77.4
0.0015314631,-0.0022227056,77.60000000000001
-0.00019633397,-0.0021462142,77.80000000000001
-0.0013589561,-0.003662847,78.0
-0.003980741,-0.0021660924,78.2
-0.0039464794,-0.00025768578,78.4
-0.002218496,-0.00022069365,78.60000000000001
-0.0021882914,0.00044266507,78.80000000000001
-0.00348676,0.0014060959,79.0
-0.0030784756,0.0014582686,79.2
-0.002718132,0.002464775,79.4
-0.0012380369,0.0013130568,79.60000000000001
-0.0010803454,0.00060634315,79.80000000000001
-0.0024701767,0.0009596981,80.0
-0.0010570027,0.0014191195,80.2
-0.0013003238,0.0013436563,80.4
-0.0022273846,0.0018415786,80.60000000000001
0.0011380576,0.00039684027,80.80000000000001
0.0019074194,-0.00016191602,81.0
-1.8101186e-05,0.0006759465,81.2
0.00029546395,-0.002312515,81.4
-0.00012255087,-0.0027402788,81.60000000000001
-9.3813986e-05,-0.0009038821,81.80000000000001
0.0009864457,-0.00085632503,82.0
0.0011509396,-0.0013534054,82.2
0.0009661466,-0.0025082454,82.4
0.0006531291,-0.0009995401,82.60000000000001
0.0016289167,-0.00047623366,82.80000000000001
0.0027299114,-0.0012798049,83.0
0.0014165603,-0.0010460392,83.2
-0.00048838183,-0.0007277578,83.4
-0.0016880557,-0.002258338,83.60000000000001
-0.0031084754,-0.0027180538,83.80000000000001
-0.0031812787,-0.0005709566,84.0
-0.0011972897,-0.00062347576,84.2
-0.0010252036,1.3068318e-05,84.4
-0.002318371,0.00087854266,84.60000000000001
-0.0018135272,0.00085828453,84.80000000000001
-0.0015374236,0.0016693585,85.0
-5.808845e-05,0.0005443767,85.2
0.00021861121,-0.0002469793,85.4
-0.0012924187,6.1012805e-05,85.60000000000001
-0.00047275797,0.0006357357,85.80000000000001
-0.00072353333,0.0005332455,86.0
-0.0023296922,0.0014242716,86.2
0.0011665523,-0.000113770366,86.4
0.0015277527,-0.00032439828,86.60000000000001
-0.0005036108,0.00054001063,86.80000000000001
-0.0005582869,-0.0019996837,87.0
-0.0013526119,-0.0015383027,87.2
-0.0013583116,0.0003946349,87.4
-0.00016247109,0.00040768087,87.60000000000001
0.00012701377,-0.00016929954,87.80000000000001
0.0002653338,-0.0014527738,88.0
-6.8880618e-06,0.00012478977,88.2
0.0010239854,0.0006307401,88.4
0.0022165328,-0.0002693981,88.60000000000001
0.0011243336,-0.00025457144,88.80000000000001
-0.0007751323,1.9915402e-05,89.0
-0.001959581,-0.0016227141,89.2
-0.0027915426,-0.0027079955,89.4
-0.002524186,-0.0007779598,89.60000000000001
-0.0005413033,-0.00082300603,89.80000000000001
-0.00041596964,-0.00017022341,90.0
-0.0016308539,0.00061239675,90.2
-0.0011217222,0.0005596429,90.4
-0.00077835843,0.001213707,90.60000000000001
0.00068509206,3.5479665e-05,90.80000000000001
0.00091458485,-0.0007697791,91.0
-0.00073739886,-0.00038272142,91.2
-0.00014609471,0.00015888363,91.4
-0.00044646114,0.00010508299,91.60000000000001
-0.0020997375,0.0010255612,91.80000000000001
0.0014468133,-0.0004881434,92.0
0.001114618,-0.00035574287,92.2
-0.0009117089,0.0005392693,92.4
-0.0010775365,-0.0020362511,92.60000000000001
-0.0021363758,-0.0006114952,92.80000000000001
-0.001983393,0.0011871308,93.0
-0.0006791614,0.0010565594,93.2
-0.0003854297,0.0003981553,93.4
-0.00019128993,-0.00061270595,93.60000000000001
-0.0003738068,0.0009149015,93.80000000000001
0.0008048974,0.0012187064,94.0
0.0020118095,0.00018611178,94.2
0.00080324337,0.0002732128,94.4
-0.0010538101,0.00037126988,94.60000000000001
-0.0021996684,-0.0014265068,94.80000000000001
-0.0027912445,-0.0023711473,95.0
-0.0019190311,-0.0009271316,95.2
-8.499995e-05,-0.0009082779,95.4
-0.00010706112,-0.00023189932,95.60000000000001
-0.0010748468,0.00035205856,95.80000000000001
-0.00069643557,0.00042309985,96.0
-0.00025149062,0.00094896555,96.2
0.0011755005,-0.00032121688,96.4
0.0012091249,-0.0010631941,96.60000000000001
-0.00064431503,-0.00053873286,96.80000000000001
2.8122216e-05,-0.00013843924,97.0
-0.0005170889,-5.1472336e-05,97.2
-0.0016789138,0.00065234303,97.4
0.00186833,-0.0007688701,97.60000000000001
0.00069406256,-0.0003068857,97.80000000000001
-0.0012624077,0.0006199032,98.0
-0.0013760775,-0.0022839755,98.2
-0.0026435666,0.00013823435,98.4
-0.0022370555,0.001686722,98.60000000000001
-0.0010288656,0.0014578253,98.80000000000001
-0.00057440624,0.0005752295,99.0
-0.00050196797,3.6388636e-05,99.2
-0.0005237423,0.0014844276,99.4
0.00084553286,0.0014409572,99.60000000000001
0.0019999929,0.00029329956,99.80000000000001
0.00044611096,0.00064956397,100.0
-0.0013239272,0.00047811866,100.2
-0.0022040568,-0.0016568601,100.4
-0.002988983,-0.0018453151,100.60000000000001
-0.0013775863,-0.0010317303,100.80000000000001
0.00022180751,-0.0009159446,101.0
-1.5888363e-05,-0.00020440668,101.2
-0.00068964437,0.00018382445,101.4
-0.00045014545,0.00039432943,101.60000000000001
0.00016375259,0.00069943815,101.80000000000001
0.0014661215,-0.0005517453,102.0
0.0012797005,-0.0012321472,102.2
-0.00070792064,-0.0005241968,102.4
9.6179545e-05,-0.0003059432,102.60000000000001
-0.00075120106,-4.204735e-05,102.80000000000001
-0.0011438876,0.00029721856,103.0
0.002365183,-0.000986699,103.2
0.00027452782,-0.00021008402,103.4
-0.0012906529,0.00042227656,103.60000000000001
-0.0015391894,-0.0026523583,103.80000000000001
-0.0029742755,0.0007673614,104.0
-0.0023090802,0.0019913726,104.2
-0.0013046451,0.0017233118,104.4
-0.000582505,0.0005314648,104.60000000000001
-0.0007406883,0.00059332326,104.80000000000001
-0.00054639205,0.0018940531,105.0
0.0010396428,0.0014432073,105.2
0.0021081902,0.00018137693,105.4
7.41221e-05,0.0009244904,105.60000000000001
-0.0015837364,0.0004348494,105.80000000000001
-0.0024031587,-0.0020327345,106.0
-0.003304474,-0.0012099408,106.2
-0.0008704625,-0.0011109337,106.4
0.00044460222,-0.0008793399,106.60000000000001
-3.1810254e-05,-0.00013174117,106.80000000000001
-0.00037088245,4.4710934e-05,107.0
-0.00030636415,0.0004235804,107.2
0.00061643496,0.00030020624,107.4
0.0016925298,-0.0007992387,107.60000000000001
0.0012408085,-0.0013459101,107.80000000000001
-0.00035057217,-0.0005210489,108.0
0.00016376004,-0.0004827045,108.2
-0.0010691695,4.478544e-05,108.4
-0.00053490326,-5.7920814e-05,108.60000000000001
0.0024394616,-0.00094972923,108.80000000000001
-0.00015723333,-8.366257e-05,109.0
-0.0013352484,-0.00017682463,109.2
-0.0020772703,-0.0018462576,109.4
-0.0031961985,0.0013266206,109.60000000000001
-0.0022380687,0.0021642484,109.80000000000001
-0.0014560409,0.0018352009,110.0
-0.00043759495,0.00029936433,110.2
-0.000892248,0.0010195822,110.4
-0.00047928467,0.0021848753,110.60000000000001
0.0011615418,0.0014588274,110.80000000000001
0.002313111,-0.00011038035,111.0
-0.00029442832,0.0010971911,111.2
-0.0018214285,0.0002544485,111.4
-0.0020994619,-0.002821762,111.60000000000001
-0.0033543073,-0.0007680431,111.80000000000001
-0.00043160468,-0.0011583045,112.0
0.00055643916,-0.0007961467,112.2
-0.00018411502,-8.001924e-06,112.4
-0.00017787144,-3.899634e-05,112.60000000000001
-0.00028574467,0.000520207,112.80000000000001
0.0009670146,-3.1992793e-05,113.0
0.001837872,-0.0010377467,113.2
0.001064606,-0.0013547093,113.4
-2.200529e-05,-0.00044810772,113.60000000000001
0.00016150251,-0.0005646348,113.80000000000001
-0.0014702454,0.000238657,114.0
9.414181e-05,-0.00036600977,114.2
0.0018889047,-0.00080230087,114.4
-0.00055130944,6.379932e-05,114.60000000000001
-0.0014841594,-0.00075030327,114.80000000000001
-0.0025041811,-0.0010652356,115.0
-0.003249403,0.0017235503,115.2
-0.0021353215,0.0022479221,115.4
-0.0014703684,0.0017831177,115.60000000000001
-0.00014837459,-0.00010728091,115.80000000000001
-0.0009398721,0.0012734868,116.0
-0.000284601,0.0022589937,116.2
0.0012385957,0.0014301427,116.4
0.0018400885,0.00015088916,116.60000000000001
-0.0006329231,0.0011517629,116.80000000000001
-0.0020168684,-5.9906393e-05,117.0
-0.0018139929,-0.003719002,117.2
-0.002676431,-0.00089411065,117.4
-8.8341534e-05,-0.0011697114,117.60000000000001
0.0005525239,-0.0006707385,117.80000000000001
-0.00046015903,0.0001578778,118.0
-0.00013980642,-2.7008355e-06,118.2
-0.0002175048,0.0006646253,118.4
0.0012568347,-0.00027129054,118.60000000000001
0.0018685199,-0.001202818,118.80000000000001
0.00076887384,-0.001274839,119.0
0.00026810542,-0.00031955168,119.2
0.00010370836,-0.00056490675,119.4
-0.0019282848,0.00052037835,119.60000000000001
0.00070979074,-0.00061014295,119.80000000000001
0.0013857968,-0.00064732507,120.0
-0.0008893423,0.00022569671,120.2
-0.0016166195,-0.0012070984,120.4
-0.0027925037,-0.0004220903,120.60000000000001
-0.0031534992,0.0019658357,120.80000000000001
-0.0019111484,0.0021856837,121.0
-0.0013557374,0.0015826449,121.2
-0.00042560324,-0.00025596097,121.4
-0.00091760606,0.001405023,121.60000000000001
-3.17581e-05,0.0022208951,121.80000000000001
0.0013798289,0.0012739226,122.0
0.001150161,0.000556238,122.2
-0.0009313412,0.0010997951,122.4
-0.0021664463,-0.00048805773,122.60000000000001
-0.002059985,-0.003283415,122.80000000000001
-0.0020829812,-0.0009913892,123.0
0.00017256662,-0.0011373609,123.2
0.00047638267,-0.0005192086,123.4
-0.0007913001,0.00034330785,123.60000000000001
-0.0001559481,8.145347e-05,123.80000000000001
6.442517e-05,0.0006123856,124.0
0.001475323,-0.00046117604,124.2
0.0018290468,-0.0013250858,124.4
0.0003741011,-0.00112921,124.60000000000001
0.0003003031,-0.00041660666,124.80000000000001
2.0746142e-05,-0.00052867085,125.0
-0.0023266338,0.00078962743,125.2
0.0013295375,-0.0008332804,125.4
0.00092432275,-0.0005127527,125.60000000000001
-0.0012081303,0.00039602816,125.80000000000001
-0.0017107911,-0.0016845316,126.0
-0.003025923,0.00017054379,126.2
-0.0029934011,0.002143763,126.4
-0.0016335957,0.0020639896,126.60000000000001
-0.0012018569,0.0013530962,126.80000000000001
-0.000671193,0.00012699887,127.0
-0.00090328604,0.0017291307,127.2
0.00025915727,0.0021153688,127.4
0.0015665814,0.0010295063,127.60000000000001
0.0007023029,0.00080385804,127.80000000000001
-0.0012072995,0.00096902996,128.0
-0.0023580529,-0.00086243823,128.20000000000002
-0.0024535693,-0.002537787,128.4
-0.0015359707,-0.0010706261,128.6
0.00037933886,-0.0010792166,128.8
0.00039010867,-0.0004072562,129.0
-0.00057913363,0.00017778948,129.20000000000002
-0.00014992058,0.00016807392,129.4
0.000286486,0.0005976595,129.6
0.00162258,-0.00060778856,129.8
0.0017082952,-0.0013970956,130.0
-0.00011609122,-0.00091926754,130.20000000000002
0.0002775155,-0.00048273057,130.4
-0.00028673932,-0.0003945157,130.6
-0.00165971,0.00043404475,130.8
0.0019376092,-0.0010091402,131.0
0.00048776343,-0.00036379695,131.20000000000002
-0.0015013218,0.00057766587,131.4
-0.0017548837,-0.0021931827,131.6
-0.0031989329,0.0007143989,131.8
-0.0027698986,0.0022638403,132.0
-0.0015072115,0.0020015314,132.20000000000002
-0.0010073297,0.001069516,132.4
-0.0008276254,0.0005887896,132.6
-0.0008123629,0.0020245947,132.8
0.00059982017,0.0019262731,133.0
0.001792442,0.0007103458,133.20000000000002
0.00029969215,0.0009983405,133.4
-0.0014705732,0.0007836893,133.6
-0.0022487603,-0.0014785081,133.8
-0.00288463,-0.0017730966,134.0
-0.0010381639,-0.0011308827,134.20000000000002
0.0005253963,-0.0009981319,134.4
0.00024422258,-0.00027927756,134.6
-0.0003331229,2.7105212e-05,134.8
-0.00012527034,0.0002671145,135.0
0.000546515,0.00043423474,135.20000000000002
0.0017404184,-0.00073794276,135.4
0.0015349649,-0.0014376342,135.6
-0.00047476217,-0.0007071607,135.8
0.00024362281,-0.00053117424,136.0
-0.0007041171,-0.00020727515,136.20000000000002
-0.0009830594,9.301677e-05,136.4
0.0025384352,-0.0011612847,136.6
6.0845166e-05,-0.00020807981,136.8
-0.001336161,0.0002638176,137.0
-0.0019213669,-0.0022599548,137.20000000000002
-0.0033214279,0.0012101904,137.4
-0.0025720634,0.002343867,137.6
-0.001589898,0.0020333603,137.8
-0.0007753633,0.00073599815,138.0
-0.00094276667,0.0009777285,138.20000000000002
-0.00068404153,0.0022540241,138.4
0.0009845011,0.0016599745,138.6
0.002048608,0.00033099204,138.8
-9.504333e-05,0.0011546612,139.0
-0.0017193891,0.0005524494,139.20000000000002
-0.0022692084,-0.002176866,139.4
-0.0033491142,-0.0009986125,139.6
-0.0005912632,-0.0011727698,139.8
0.0006316155,-0.0009022802,140.0
6.93053e-05,-0.00014128536,140.20000000000002
-0.00013496354,-5.8822334e-05,140.4
-0.00013110787,0.00037975237,140.6
0.00089499354,8.260459e-05,140.8
0.0018786527,-0.0009717345,141.0
0.0013325773,-0.0014603436,141.20000000000002
-0.00015247986,-0.00059374794,141.4
0.00023901835,-0.0006197579,141.6
-0.0011464618,1.0434538e-05,141.8
-0.0002975203,-0.00023832917,142.0
0.002181828,-0.0009137057,142.20000000000002
-0.00036938116,-4.7065318e-05,142.4
-0.0015019961,-0.00035934895,142.6
-0.0023971014,-0.0013978966,142.8
-0.0033852123,0.001650352,143.0
-0.002345197,0.0023621991,143.20000000000002
-0.0015997328,0.001974091,143.4
-0.0004563555,0.00029350817,143.6
-0.0009996593,0.0012652911,143.8
-0.00047874823,0.00234811,144.0
0.0011224858,0.0015813336,144.20000000000002
0.002241943,-4.9598515e-05,144.4
-0.00046178699,0.0012167618,144.6
-0.0019355677,0.00022836402,144.8
-0.0019621886,-0.0031203032,145.0
-0.003015805,-0.0008419901,145.20000000000002
-0.00021587685,-0.001189217,145.4
0.00063912943,-0.0007733926,145.6
-0.00021345541,3.1746924e-05,145.8
-5.9936196e-05,-8.524582e-05,146.0
-0.00019874796,0.000521034,146.20000000000002
0.0011731759,-0.00018866733,146.4
0.0019172914,-0.0011496469,146.6
0.0010341816,-0.0013873652,146.8
0.00014493987,-0.00045069307,147.0
0.0001779683,-0.00062264875,147.20000000000002
-0.0016284436,0.00030317903,147.4
0.00036032125,-0.0005078763,147.6
0.0016455464,-0.0007481873,147.8
-0.0007305257,0.00012346357,148.0
-0.0016063638,-0.0009236783,148.20000000000002
-0.0027232505,-0.00069627166,148.4
-0.003303796,0.0019252077,148.6
-0.0021254085,0.0023163036,148.8
-0.0014893226,0.0017728694,149.0
-0.00029924512,-0.000113699585,149.20000000000002
-0.00097541884,0.0014065206,149.4
-0.00021743402,0.0023193397,149.6
0.0012644343,0.0014313832,149.8
0.0015182085,0.00038208812,150.0
-0.00078140944,0.0011800118,150.20000000000002
-0.002101995,-0.00019906461,150.4
-0.0018362477,-0.0036949255,150.6
-0.002369266,-0.00095243007,150.8
7.526204e-05,-0.0011747442,151.0
0.0005649999,-0.000618875,151.20000000000002
-0.000560496,0.00022455305,151.4
-0.00010066107,1.4491379e-05,151.6
-4.1238964e-05,0.0006086938,151.8
0.001392737,-0.00038022548,152.0
0.0018873811,-0.0012812614,152.20000000000002
0.0006331168,-0.0012386553,152.4
0.00031318143,-0.00038044155,152.6
8.467212e-05,-0.0005751364,152.8
-0.0021359883,0.00064297765,153.0
0.0009960122,-0.00073224306,153.20000000000002
0.0011607446,-0.00059202313,153.4
-0.0010552369,0.0002978295,153.60000000000002
-0.0016930997,-0.0014120117,153.8
-0.00295287,-9.973347e-05,154.0
-0.0031353496,0.0021017082,154.20000000000002
-0.001831416,0.0021807402,154.4
-0.0013194606,0.0015175976,154.60000000000002
-0.0005968064,-0.000107016414,154.8
-0.00093724206,0.0015896633,155.0
7.911399e-05,0.0022120476,155.20000000000002
0.0014458299,0.0011999719,155.4
0.00091265887,0.0007078983,155.60000000000002
-0.0010675304,0.0010683835,155.8
-0.0022592582,-0.0006416738,156.0
-0.002224166,-0.002945982,156.20000000000002
-0.0018058047,-0.0010367408,156.4
0.00029606,-0.0011204183,156.60000000000002
0.000463631,-0.000474073,156.8
-0.0007214211,0.00029157102,157.0
-0.00015268847,0.00011475757,157.20000000000002
0.00019600987,0.0005876124,157.4
0.0015616454,-0.00054039806,157.60000000000002
0.0017925315,-0.0013710782,157.8
0.00018061325,-0.0010560006,158.0
0.00030327216,-0.00046631694,158.20000000000002
-6.247312e-05,-0.0004962459,158.4
-0.002017554,0.0006128065,158.60000000000002
0.0016166978,-0.0009291917,158.8
0.0007078834,-0.00044715405,159.0
-0.0013630949,0.00047738105,159.20000000000002
-0.0017573312,-0.0019147024,159.4
-0.0031426065,0.0004608594,159.60000000000002
-0.0029257424,0.0022382624,159.8
-0.0015082993,0.0020138323,160.0
-0.001135081,0.0012486652,160.20000000000002
-0.0007592924,0.00036808848,160.4
-0.0008692518,0.0018820502,160.60000000000002
0.00040732697,0.002048593,160.8
0.0016590655,0.0009063445,161.0
0.00050458685,0.00092261285,161.20000000000002
-0.0013403147,0.000908602,161.4
-0.0024525262,-0.0010344312,161.60000000000002
-0.0026479103,-0.0021832697,161.8
-0.0012906194,-0.0011030473,162.0
0.0004699938,-0.0010484084,162.20000000000002
0.0003423132,-0.00035391375,162.4
-0.00043586642,7.156283e-05,162.60000000000002
-0.00011450052,0.00020468235,162.8
0.00037593395,0.00060066953,163.0
0.0016903095,-0.0006768778,163.20000000000002
0.001641091,-0.0014264435,163.4
-0.0003544651,-0.00081758946,163.60000000000002
0.00027135015,-0.0005197376,163.8
-0.00047500804,-0.0003235899,164.0
-0.0013348423,0.000257425,164.20000000000002
0.0022293404,-0.0010968745,164.4
0.00026673079,-0.0002940297,164.60000000000002
-0.0016516708,0.0006633885,164.8
-0.0017833225,-0.0024352744,165.0
-0.0032879785,0.0009807795,165.20000000000002
-0.0026938207,0.0023291335,165.4
-0.0015687905,0.002042614,165.60000000000002
-0.00091103837,0.00092710555,165.8
-0.0008923784,0.0007910505,166.0
-0.0007619746,0.0021540485,166.20000000000002
0.0007720515,0.001821287,166.4
0.0019058548,0.00054686144,166.60000000000002
0.00010466203,0.0010927618,166.8
-0.0015976243,0.0006932989,167.0
-0.0024320371,-0.0017066002,167.20000000000002
-0.0031021424,-0.0014048442,167.4
-0.00080944225,-0.0011558905,167.60000000000002
0.0005912371,-0.0009570196,167.8
0.00017623976,-0.00021827221,168.0
-0.00021823123,-2.2865832e-05,168.20000000000002
-0.000103440136,0.00031062216,168.4
0.0007323213,0.00025364012,168.60000000000002
0.0018136501,-0.00084888935,168.8
0.0014507584,-0.0014584027,169.0
-0.0003076233,-0.00066607445,169.20000000000002
0.00025241077,-0.0005896613,169.4
-0.0009096563,-0.00011634454,169.60000000000002
-0.00064751133,-8.000806e-05,169.8
0.002626408,-0.0011395104,170.0
-0.00015620142,-0.0001321733,170.20000000000002
-0.0014299601,-3.610179e-05,170.4
-0.0021814518,-0.0018113777,170.60000000000002
-0.0033851378,0.001459375,170.8
-0.0024805814,0.0023831725,171.0
-0.0016263388,0.0020412132,171.20000000000002
-0.0006512813,0.0005571544,171.4
-0.0009972714,0.0011641532,171.60000000000002
-0.0006083958,0.0023461282,171.8
0.0010626167,0.001630351,172.0
0.0021890625,0.00011561066,172.20000000000002
-0.0002827309,0.0012102351,172.4
-0.0018349439,0.00041926652,172.60000000000002
-0.0021127984,-0.0026283264,172.8
-0.0033700801,-0.00077777356,173.0
-0.00039045885,-0.0011863001,173.20000000000002
0.0006508902,-0.0008437857,173.4
-5.5078417e-05,-6.068498e-05,173.60000000000002
-7.100031e-05,-8.632615e-05,173.8
-0.00016185269,0.00044941157,174.0
0.0010260381,-6.475672e-05,174.20000000000002
0.0019173808,-0.0010729581,174.4
0.0012030639,-0.0014372356,174.60000000000002
5.5246055e-06,-0.00053507835,174.8
0.00022048876,-0.0006382391,175.0
-0.001371596,0.0001335293,175.20000000000002
3.162399e-05,-0.00038530678,175.4
0.0019037835,-0.0008360073,175.60000000000002
-0.00056039914,3.5073608e-05,175.8
-0.0015564114,-0.00066826865,176.0
-0.0025860555,-0.0010220036,176.20000000000002
-0.0033667125,0.0018105656,176.4
-0.002260562,0.002367437,176.60000000000002
-0.0015677847,0.001900617,176.8
-0.00027501956,4.5720488e-05,177.0
-0.0010030605,0.0013631657,177.20000000000002
-0.0003678687,0.0023707375,177.4
0.0011774637,0.0015377738,177.60000000000002
0.0018705204,0.00019319355,177.8
-0.000632219,0.0012294203,178.0
-0.0020278506,4.1551888e-05,178.20000000000002
-0.0018176697,-0.0036005303,178.4
-0.0026716404,-0.0009043515,178.60000000000002
-4.9747527e-05,-0.0011906698,178.8
0.00062130764,-0.0007025674,179.0
-0.0003737919,0.00012405962,179.20000000000002
-6.45183e-05,-4.2445958e-05,179.4
-0.00016577914,0.0006224774,179.60000000000002
0.0012981556,-0.00029445067,179.8
0.0019216761,-0.0012287684,180.0
0.00085192546,-0.0013263114,180.20000000000002
0.00028555095,-0.00036762655,180.4
0.00013932958,-0.0006106794,180.60000000000002
-0.001873374,0.0004601553,180.8
0.00067972764,-0.00062618405,181.0
0.0013937093,-0.00066285953,181.20000000000002
-0.0009002313,0.00020912662,181.4
-0.0016600937,-0.0011646859,181.60000000000002
-0.002852235,-0.00038354844,181.8
-0.003236819,0.0020328462,182.0
-0.0019945614,0.0022671,182.20000000000002
-0.0014169514,0.0016554035,182.4
-0.00045437738,-0.00018896535,182.60000000000002
-0.00095339864,0.0014567003,182.8
-8.225441e-05,0.00229197,183.0
0.0013392344,0.0013471618,183.20000000000002
0.001164902,0.0005830452,183.4
-0.00093146786,0.0011423193,183.60000000000002
-0.0021743625,-0.00042940676,183.8
-0.0020219423,-0.0033193752,184.0
-0.002072215,-0.0009994507,184.20000000000002
0.00020372495,-0.0011531115,184.4
0.0005209781,-0.00053871423,184.60000000000002
-0.0007413924,0.00032373518,184.8
-0.00011021271,5.7771802e-05,185.0
0.00010308251,0.00058311224,185.20000000000002
0.0014952086,-0.00047199428,185.4
0.0018664226,-0.0013449267,185.60000000000002
0.00042161718,-0.0011586547,185.8
0.00031763315,-0.00043725222,186.0
4.0400773e-05,-0.000554502,186.20000000000002
-0.0023465194,0.00078786165,186.4
0.0013146289,-0.00084193423,186.60000000000002
0.0009238608,-0.00052111223,186.8
-0.0012179874,0.000386931,187.0
-0.0017397329,-0.0016607419,187.20000000000002
-0.0030627064,0.00019685179,187.4
-0.003039185,0.0021814704,187.60000000000002
-0.0016801544,0.0021104738,187.8
-0.0012349673,0.001392439,188.0
-0.0006820895,0.00013882667,188.20000000000002
-0.00091330335,0.0017337091,188.4
0.00024929643,0.0021220893,188.60000000000002
0.0015547909,0.0010494404,188.8
0.0007047467,0.00082009286,189.0
-0.0012088753,0.0009971298,189.20000000000002
-0.0023620017,-0.0008280575,189.4
-0.0024339892,-0.002561845,189.60000000000002
-0.0015341118,-0.00107418,189.8
0.00039279833,-0.0010870844,190.0
0.00040951744,-0.00041579828,190.20000000000002
-0.0005698167,0.000177145,190.4
-0.00013139471,0.00015743822,190.60000000000002
0.0003004633,0.00058618933,190.8
0.0016317368,-0.0006124377,191.0
0.0017195381,-0.0014011338,191.20000000000002
-8.715317e-05,-0.0009372756,191.4
0.00028836727,-0.0004955381,191.60000000000002
-0.00026906654,-0.00041224808,191.8
-0.0016699992,0.00042915344,192.0
0.0019298345,-0.0010190681,192.20000000000002
0.00048306584,-0.00037047267,192.4
-0.001510676,0.00057110563,192.60000000000002
-0.0017767958,-0.0021763332,192.8
-0.0032254867,0.00073377043,193.0
-0.002804689,0.0022944584,193.20000000000002
-0.0015312396,0.0020299703,193.4
-0.0010273941,0.0010930523,193.60000000000002
-0.00083541125,0.00059776753,193.8
-0.00082014874,0.0020293035,194.0
0.0005929582,0.001931265,194.20000000000002
0.0017810538,0.00073031336,194.4
0.00030169263,0.0010105632,194.60000000000002
-0.0014742948,0.0008077994,194.8
-0.0022610873,-0.0014510974,195.0
-0.0028727166,-0.0017877892,195.20000000000002
-0.0010384582,-0.0011326224,195.4
0.0005383454,-0.0010045134,195.60000000000002
0.0002570115,-0.00028482452,195.8
-0.00032392517,2.3007393e-05,196.0
-0.00011055544,0.00025916472,196.20000000000002
0.0005541295,0.0004313141,196.4
0.0017471574,-0.00074145943,196.60000000000002
0.0015585497,-0.0014515966,196.8
-0.00047337636,-0.00071481615,197.0
0.00025298074,-0.0005430393,197.20000000000002
-0.0006926991,-0.00021982193,197.4
-0.0009902082,9.165704e-05,197.60000000000002
0.0025343262,-0.0011678971,197.8
5.410239e-05,-0.00021248311,198.0
-0.0013572909,0.00027576834,198.20000000000002
-0.0019419566,-0.0022449568,198.4
-0.0033389293,0.001222495,198.60000000000002
-0.0025907382,0.002360765,198.8
-0.0016022511,0.0020479858,199.0
-0.00078674033,0.00074946135,199.20000000000002
-0.000947047,0.0009825192,199.4
-0.0006878115,0.0022561923,199.60000000000002
0.0009742193,0.0016737059,199.8
0.0020401143,0.00034603477,200.0
-9.283796e-05,0.0011608116,200.20000000000002
-0.001719106,0.0005624406,200.4
-0.0022691414,-0.0021621063,200.60000000000002
-0.0033406764,-0.0010075718,200.8
-0.00058726966,-0.0011751726,201.0
0.0006337501,-0.00090414286,201.20000000000002
6.8645924e-05,-0.00014181435,201.4
-0.00013213232,-6.0088933e-05,201.60000000000002
-0.00012328848,0.0003753826,201.8
0.0008992553,8.1148e-05,202.0
0.0018819161,-0.0009724796,202.20000000000002
0.0013364516,-0.0014619529,202.4
-0.00015176833,-0.0006000772,202.60000000000002
0.00024408102,-0.0006259568,202.8
-0.0011377297,1.1771917e-06,203.0
-0.00030359253,-0.0002393797,203.20000000000002
0.0021851584,-0.00091580674,203.4
-0.00036678836,-4.8823655e-05,203.60000000000002
-0.0015004501,-0.00035379082,203.8
-0.0023995787,-0.0013984852,204.0
-0.0033916123,0.0016530156,204.20000000000002
-0.0023556203,0.0023719966,204.4
-0.0016087927,0.0019851997,204.60000000000002
-0.00047349557,0.0003139861,204.8
-0.0010060892,0.0012744963,205.0
-0.00049490854,0.002373848,205.20000000000002
0.0011152029,0.0015945919,205.4
0.002247762,-4.6879053e-05,205.60000000000002
-0.00046098605,0.0012253076,205.8
-0.001934886,0.00023338944,206.0
-0.0019633658,-0.0031131767,206.20000000000002
-0.0030128025,-0.0008435957,206.4
-0.0002148673,-0.0011901893,206.60000000000002
0.0006391816,-0.00077416375,206.8
-0.00021312386,3.1337142e-05,207.0
-6.676838e-05,-8.254498e-05,207.20000000000002
-0.00020030513,0.0005212575,207.4
0.0011787452,-0.00019209087,207.60000000000002
0.0019214489,-0.0011518374,207.8
0.0010370873,-0.0013891011,208.0
0.00014493242,-0.00045152754,208.20000000000002
0.00018203631,-0.00062796474,208.4
-0.0016212426,0.0002947785,208.60000000000002
0.0003578551,-0.00050874054,208.8
0.001647111,-0.0007494837,209.0
-0.0007293299,0.00012248755,209.20000000000002
-0.0016051829,-0.00092119724,209.4
-0.0027186237,-0.0007030368,209.60000000000002
-0.0033013336,0.0019215718,209.8
-0.0021237954,0.0023142397,210.0
-0.0014908947,0.0017749816,210.20000000000002
-0.00030642375,-0.00010340661,210.4
-0.0009797327,0.0014133602,210.60000000000002
-0.00022024661,0.002323307,210.8
0.0012633391,0.0014333054,211.0
0.0015180036,0.00038798898,211.20000000000002
-0.0007828362,0.0011895895,211.4
-0.002103895,-0.00018712878,211.60000000000002
-0.0018313155,-0.0037014335,211.8
-0.0023724101,-0.00095211715,212.0
7.348135e-05,-0.001174856,212.20000000000002
0.00056327134,-0.00061903894,212.4
-0.0005612448,0.00022452325,212.60000000000002
-0.00010224059,1.5072525e-05,212.8
-4.255399e-05,0.0006094165,213.0
0.0013928525,-0.00038022548,213.20000000000002
0.0018881522,-0.0012814328,213.4
0.00063502416,-0.0012394711,213.60000000000002
0.0003128983,-0.0003798306,213.8
8.836761e-05,-0.00057988614,214.0
-0.0021289065,0.0006348714,214.20000000000002
0.0009917878,-0.00073426217,214.4
0.0011629127,-0.0005936399,214.60000000000002
-0.0010536425,0.00029655173,214.8
-0.0016984232,-0.0014079586,215.0
-0.0029538162,-0.00010087341,215.20000000000002
-0.0031362586,0.0021014474,215.4
-0.0018316992,0.002180636,215.60000000000002
-0.0013219453,0.0015206598,215.8
-0.0005976893,-0.00010617077,216.0
-0.00093813613,0.0015900657,216.20000000000002
7.831305e-05,0.0022125915,216.4
0.0014457144,0.001199998,216.60000000000002
0.0009130649,0.00070743635,216.8
-0.0010685027,0.0010743737,217.0
-0.0022597946,-0.00063608587,217.20000000000002
-0.0022222027,-0.0029485263,217.4
-0.001807332,-0.0010365844,217.60000000000002
0.00029489398,-0.0011204444,217.8
0.00046189874,-0.00047379732,218.0
-0.00072399527,0.00029276684,218.20000000000002
-0.0001507923,0.00011365116,218.4
0.00019748509,0.0005863346,218.60000000000002
0.0015625618,-0.00054085255,218.8
0.0017938502,-0.0013715178,219.0
0.00018161163,-0.0010564625,219.20000000000002
0.00030734763,-0.0004715249,219.4
-5.9928745e-05,-0.00049912557,219.60000000000002
-0.0020186752,0.00061269477,219.8
0.0016151853,-0.0009299442,220.0
0.00070873275,-0.00044780225,220.20000000000002
-0.00136232,0.00047675893,220.4
-0.0017566644,-0.0019132681,220.60000000000002
-0.0031501614,0.0004676059,220.8
-0.0029303394,0.0022424534,221.0
-0.0015107356,0.0020162389,221.20000000000002
-0.001137156,0.0012510903,221.4
-0.00076021627,0.0003691502,221.60000000000002
-0.00088210404,0.0019040592,221.8
0.0004001893,0.0020608827,222.0
0.0016555488,0.00091305375,222.20000000000002
0.00050461665,0.00092447177,222.4
-0.0013402514,0.00090969354,222.60000000000002
-0.0024524145,-0.0010338947,222.8
-0.0026475862,-0.0021836534,223.0
-0.0012910068,-0.0011030138,223.20000000000002
0.00046986341,-0.0010484159,223.4
0.00034224987,-0.00035391748,223.60000000000002
-0.00042937323,6.867945e-05,223.8
-0.00011079386,0.00020281598,224.0
0.0003846325,0.00059542805,224.20000000000002
0.0016948394,-0.0006797947,224.4
0.0016441569,-0.0014284775,224.60000000000002
-0.00035246834,-0.0008189827,224.8
0.00027174503,-0.00052030757,225.0
-0.00047023967,-0.0003291592,225.20000000000002
-0.0013362467,0.0002567321,225.4
0.0022276454,-0.0010979474,225.60000000000002
0.0002676174,-0.00029477477,225.8
-0.0016511008,0.0006628856,226.0
-0.0017830878,-0.0024345815,226.20000000000002
-0.0032874085,0.000979919,226.4
-0.0026935004,0.0023286715,226.60000000000002
-0.0015685596,0.0020423643,226.8
-0.00091094896,0.0009270124,227.0
-0.00089234486,0.0007909797,227.20000000000002
-0.00076196715,0.0021540336,227.4
0.0007720515,0.001821287,227.60000000000002
0.0019005612,0.0005569905,227.8
0.000104129314,0.0010961071,228.0
-0.0015978664,0.00069523975,228.20000000000002
-0.002432067,-0.00170549,228.4
-0.0030959807,-0.0014036447,228.60000000000002
-0.0008014329,-0.0011584312,228.8
0.00059710443,-0.0009586215,229.0
0.00017953292,-0.00021925196,229.20000000000002
-0.00021566823,-2.3946166e-05,229.4
-0.000101905316,0.00030998513,229.60000000000002
0.0007331297,0.00025314465,229.8
0.0018138252,-0.00084906816,230.0
0.0014506914,-0.0014584288,230.20000000000002
-0.000307519,-0.00066608936,230.4
0.00025243312,-0.0005897023,230.60000000000002
-0.00090966746,-0.00011635572,230.8
-0.00064747036,-8.005649e-05,231.0
0.0026220344,-0.0011398941,231.20000000000002
-0.00015867874,-0.00013245642,231.4
-0.0014320649,-3.587082e-05,231.60000000000002
-0.0021834038,-0.0018094555,231.8
-0.0033863187,0.0014605299,232.0
-0.0024812706,0.0023838542,232.20000000000002
-0.0016266964,0.0020415932,232.4
-0.0006514862,0.0005573742,232.60000000000002
-0.000997074,0.0011639111,232.8
-0.00060750917,0.002345711,233.0
0.0010626502,0.0016304515,233.20000000000002
0.0021891668,0.000115543604,233.4
-0.0002831146,0.0012106895,233.60000000000002
-0.0018351711,0.00041951984,233.8
-0.0021127276,-0.0026283227,234.0
-0.0033699013,-0.00077781826,234.20000000000002
-0.00039036945,-0.0011863224,234.4
0.0006508902,-0.0008437857,234.60000000000002
-5.5078417e-05,-6.068498e-05,234.8
-7.100031e-05,-8.632615e-05,235.0
-0.00016185269,0.00044941157,235.20000000000002
0.0010256544,-6.459281e-05,235.4
0.0019169562,-0.0010728315,235.60000000000002
0.0012027435,-0.0014370792,235.8
5.636364e-06,-0.0005350411,236.0
0.00022052601,-0.0006382838,236.20000000000002
-0.0013716035,0.0001335144,236.4
3.1691045e-05,-0.0003853552,236.60000000000002
0.0019037426,-0.00083601475,236.8
-0.0005605705,3.5189092e-05,237.0
-0.0015565716,-0.0006688908,237.20000000000002
-0.002588775,-0.0010180846,237.4
-0.0033770427,0.0018214174,237.60000000000002
-0.0022662543,0.0023736358,237.8
-0.001570534,0.0019037053,238.0
-0.00027686357,4.7795475e-05,238.20000000000002
-0.0010035895,0.0013639815,238.4
-0.00036821142,0.0023711845,238.60000000000002
0.0011773445,0.0015379749,238.8
0.0018706284,0.00019311532,239.0
-0.000632219,0.0012294203,239.20000000000002
-0.0020278506,4.1551888e-05,239.4
-0.0018171407,-0.003603831,239.60000000000002
-0.0026705675,-0.00090450794,239.8
